timeStamp,elapsed,label,responseCode,responseMessage,threadName,dataType,success,failureMessage,bytes,sentBytes,grpThreads,allThreads,URL,Latency,IdleTime,Connect
1727427239160,521,HTTP Request,200,OK,Users 1-6,text,true,,4757,119,43,43,https://www.blazedemo.com/,516,0,115
1727427239147,553,HTTP Request,200,OK,Users 1-4,text,true,,4757,119,44,44,https://www.blazedemo.com/,549,0,131
1727427239121,590,HTTP Request,200,OK,Users 1-3,text,true,,4757,119,43,43,https://www.blazedemo.com/,578,0,146
1727427239110,609,HTTP Request,200,OK,Users 1-2,text,true,,4757,119,43,43,https://www.blazedemo.com/,606,0,152
1727427239086,633,HTTP Request,200,OK,Users 1-1,text,true,,4757,119,44,44,https://www.blazedemo.com/,630,0,166
1727427239173,550,HTTP Request,200,OK,Users 1-7,text,true,,4757,119,42,42,https://www.blazedemo.com/,532,0,115
1727427239154,577,HTTP Request,200,OK,Users 1-5,text,true,,4757,119,41,41,https://www.blazedemo.com/,577,0,146
1727427239188,696,HTTP Request,200,OK,Users 1-8,text,true,,4757,119,51,51,https://www.blazedemo.com/,696,0,205
1727427239215,687,HTTP Request,200,OK,Users 1-10,text,true,,4757,119,51,51,https://www.blazedemo.com/,685,0,273
1727427239204,717,HTTP Request,200,OK,Users 1-9,text,true,,4757,119,51,51,https://www.blazedemo.com/,710,0,284
1727427239272,658,HTTP Request,200,OK,Users 1-14,text,true,,4757,119,51,51,https://www.blazedemo.com/,649,0,228
1727427239289,648,HTTP Request,200,OK,Users 1-15,text,true,,4757,119,50,50,https://www.blazedemo.com/,639,0,214
1727427239335,602,HTTP Request,200,OK,Users 1-18,text,true,,4757,119,50,50,https://www.blazedemo.com/,593,0,168
1727427239230,729,HTTP Request,200,OK,Users 1-11,text,true,,4757,119,49,49,https://www.blazedemo.com/,709,0,270
1727427239245,736,HTTP Request,200,OK,Users 1-12,text,true,,4757,119,50,50,https://www.blazedemo.com/,715,0,255
1727427239302,690,HTTP Request,200,OK,Users 1-16,text,true,,4757,119,50,50,https://www.blazedemo.com/,629,0,206
1727427239383,617,HTTP Request,200,OK,Users 1-22,text,true,,4757,119,49,49,https://www.blazedemo.com/,609,0,148
1727427239357,698,HTTP Request,200,OK,Users 1-20,text,true,,4757,119,52,52,https://www.blazedemo.com/,644,0,175
1727427239371,684,HTTP Request,200,OK,Users 1-21,text,true,,4757,119,52,52,https://www.blazedemo.com/,630,0,137
1727427239258,798,HTTP Request,200,OK,Users 1-13,text,true,,4757,119,50,50,https://www.blazedemo.com/,797,0,250
1727427239344,715,HTTP Request,200,OK,Users 1-19,text,true,,4757,119,50,50,https://www.blazedemo.com/,711,0,188
1727427239317,743,HTTP Request,200,OK,Users 1-17,text,true,,4757,119,50,50,https://www.blazedemo.com/,738,0,191
1727427239465,613,HTTP Request,200,OK,Users 1-28,text,true,,4757,119,49,49,https://www.blazedemo.com/,611,0,177
1727427239394,699,HTTP Request,200,OK,Users 1-23,text,true,,4757,119,49,49,https://www.blazedemo.com/,695,0,215
1727427239440,654,HTTP Request,200,OK,Users 1-26,text,true,,4757,119,49,49,https://www.blazedemo.com/,640,0,200
1727427239479,615,HTTP Request,200,OK,Users 1-29,text,true,,4757,119,48,48,https://www.blazedemo.com/,601,0,149
1727427239493,609,HTTP Request,200,OK,Users 1-30,text,true,,4757,119,46,46,https://www.blazedemo.com/,601,0,150
1727427239409,707,HTTP Request,200,OK,Users 1-24,text,true,,4757,119,46,46,https://www.blazedemo.com/,680,0,201
1727427239453,677,HTTP Request,200,OK,Users 1-27,text,true,,4757,119,46,46,https://www.blazedemo.com/,661,0,190
1727427239509,639,HTTP Request,200,OK,Users 1-31,text,true,,4757,119,45,45,https://www.blazedemo.com/,584,0,162
1727427239523,625,HTTP Request,200,OK,Users 1-32,text,true,,4757,119,45,45,https://www.blazedemo.com/,593,0,138
1727427239425,723,HTTP Request,200,OK,Users 1-25,text,true,,4757,119,45,45,https://www.blazedemo.com/,668,0,234
1727427239537,649,HTTP Request,200,OK,Users 1-33,text,true,,4757,119,43,43,https://www.blazedemo.com/,644,0,222
1727427239553,686,HTTP Request,200,OK,Users 1-34,text,true,,4757,119,43,43,https://www.blazedemo.com/,648,0,213
1727427239674,565,HTTP Request,200,OK,Users 1-43,text,true,,4757,119,43,43,https://www.blazedemo.com/,563,0,123
1727427239619,620,HTTP Request,200,OK,Users 1-39,text,true,,4757,119,43,43,https://www.blazedemo.com/,620,0,172
1727427239574,665,HTTP Request,200,OK,Users 1-36,text,true,,4757,119,43,43,https://www.blazedemo.com/,662,0,217
1727427239560,690,HTTP Request,200,OK,Users 1-35,text,true,,4757,119,40,40,https://www.blazedemo.com/,683,0,218
1727427239604,691,HTTP Request,200,OK,Users 1-38,text,true,,4757,119,41,41,https://www.blazedemo.com/,690,0,200
1727427239688,612,HTTP Request,200,OK,Users 1-44,text,true,,4757,119,40,40,https://www.blazedemo.com/,604,0,152
1727427239689,633,HTTP Request,200,OK,Users 1-45,text,true,,4757,119,41,41,https://www.blazedemo.com/,606,0,198
1727427239631,691,HTTP Request,200,OK,Users 1-40,text,true,,4757,119,41,41,https://www.blazedemo.com/,665,0,183
1727427239590,732,HTTP Request,200,OK,Users 1-37,text,true,,4757,119,41,41,https://www.blazedemo.com/,705,0,214
1727427239737,596,HTTP Request,200,OK,Users 1-48,text,true,,4757,119,38,38,https://www.blazedemo.com/,593,0,166
1727427239651,725,HTTP Request,200,OK,Users 1-42,text,true,,4757,119,40,40,https://www.blazedemo.com/,671,0,234
1727427239753,624,HTTP Request,200,OK,Users 1-49,text,true,,4757,119,40,40,https://www.blazedemo.com/,624,0,161
1727427239712,664,HTTP Request,200,OK,Users 1-46,text,true,,4757,119,40,40,https://www.blazedemo.com/,613,0,176
1727427239721,655,HTTP Request,200,OK,Users 1-47,text,true,,4757,119,40,40,https://www.blazedemo.com/,655,0,171
1727427239646,730,HTTP Request,200,OK,Users 1-41,text,true,,4757,119,40,40,https://www.blazedemo.com/,679,0,240
1727427239781,686,HTTP Request,200,OK,Users 1-51,text,true,,4757,119,44,44,https://www.blazedemo.com/,685,0,202
1727427239823,678,HTTP Request,200,OK,Users 1-54,text,true,,4757,119,44,44,https://www.blazedemo.com/,663,0,175
1727427239868,636,HTTP Request,200,OK,Users 1-57,text,true,,4757,119,43,43,https://www.blazedemo.com/,633,0,127
1727427239899,621,HTTP Request,200,OK,Users 1-59,text,true,,4757,119,42,42,https://www.blazedemo.com/,616,0,125
1727427239795,752,HTTP Request,200,OK,Users 1-52,text,true,,4757,119,42,42,https://www.blazedemo.com/,752,0,196
1727427239855,888,HTTP Request,200,OK,Users 1-56,text,true,,4757,119,53,53,https://www.blazedemo.com/,888,0,233
1727427239769,983,HTTP Request,200,OK,Users 1-50,text,true,,4757,119,52,52,https://www.blazedemo.com/,983,0,292
1727427239837,932,HTTP Request,200,OK,Users 1-55,text,true,,4757,119,51,51,https://www.blazedemo.com/,915,0,252
1727427239808,961,HTTP Request,200,OK,Users 1-53,text,true,,4757,119,51,51,https://www.blazedemo.com/,944,0,280
1727427239926,844,HTTP Request,200,OK,Users 1-61,text,true,,4757,119,49,49,https://www.blazedemo.com/,843,0,224
1727427239911,889,HTTP Request,200,OK,Users 1-60,text,true,,4757,119,48,48,https://www.blazedemo.com/,877,0,343
1727427239883,932,HTTP Request,200,OK,Users 1-58,text,true,,4757,119,48,48,https://www.blazedemo.com/,926,0,422
1727427240048,848,HTTP Request,200,OK,Users 1-69,text,true,,4757,119,51,51,https://www.blazedemo.com/,828,0,338
1727427239989,907,HTTP Request,200,OK,Users 1-65,text,true,,4757,119,51,51,https://www.blazedemo.com/,890,0,372
1727427240017,887,HTTP Request,200,OK,Users 1-67,text,true,,4757,119,50,50,https://www.blazedemo.com/,880,0,396
1727427239975,930,HTTP Request,200,OK,Users 1-64,text,true,,4757,119,49,49,https://www.blazedemo.com/,927,0,408
1727427240032,875,HTTP Request,200,OK,Users 1-68,text,true,,4757,119,48,48,https://www.blazedemo.com/,875,0,375
1727427239961,947,HTTP Request,200,OK,Users 1-63,text,true,,4757,119,47,47,https://www.blazedemo.com/,947,0,421
1727427240076,832,HTTP Request,200,OK,Users 1-71,text,true,,4757,119,47,47,https://www.blazedemo.com/,832,0,393
1727427239946,979,HTTP Request,200,OK,Users 1-62,text,true,,4757,119,46,46,https://www.blazedemo.com/,968,0,446
1727427240235,795,HTTP Request,200,OK,Users 1-75,text,true,,4757,119,52,52,https://www.blazedemo.com/,795,0,309
1727427240057,1035,HTTP Request,200,OK,Users 1-70,text,true,,4757,119,55,55,https://www.blazedemo.com/,876,0,414
1727427240091,1001,HTTP Request,200,OK,Users 1-72,text,true,,4757,119,55,55,https://www.blazedemo.com/,1001,0,380
1727427240104,1075,HTTP Request,200,OK,Users 1-73,text,true,,4757,119,60,60,https://www.blazedemo.com/,1064,0,446
1727427240307,890,HTTP Request,200,OK,Users 1-80,text,true,,4757,119,60,60,https://www.blazedemo.com/,882,0,287
1727427240265,932,HTTP Request,200,OK,Users 1-77,text,true,,4757,119,60,60,https://www.blazedemo.com/,924,0,329
1727427240336,867,HTTP Request,200,OK,Users 1-82,text,true,,4757,119,58,58,https://www.blazedemo.com/,851,0,273
1727427240363,841,HTTP Request,200,OK,Users 1-84,text,true,,4757,119,59,59,https://www.blazedemo.com/,828,0,379
1727427240120,1086,HTTP Request,200,OK,Users 1-74,text,true,,4757,119,57,57,https://www.blazedemo.com/,1066,0,433
1727427240321,885,HTTP Request,200,OK,Users 1-81,text,true,,4757,119,57,57,https://www.blazedemo.com/,870,0,258
1727427240391,815,HTTP Request,200,OK,Users 1-86,text,true,,4757,119,57,57,https://www.blazedemo.com/,799,0,351
1727427240249,961,HTTP Request,200,OK,Users 1-76,text,true,,4757,119,54,54,https://www.blazedemo.com/,945,0,345
1727427240380,830,HTTP Request,200,OK,Users 1-85,text,true,,4757,119,54,54,https://www.blazedemo.com/,814,0,372
1727427240389,821,HTTP Request,200,OK,Users 1-89,text,true,,4757,119,54,54,https://www.blazedemo.com/,805,0,357
1727427240293,919,HTTP Request,200,OK,Users 1-79,text,true,,4757,119,51,51,https://www.blazedemo.com/,911,0,295
1727427240419,795,HTTP Request,200,OK,Users 1-88,text,true,,4757,119,50,50,https://www.blazedemo.com/,791,0,333
1727427240348,868,HTTP Request,200,OK,Users 1-83,text,true,,4757,119,49,49,https://www.blazedemo.com/,862,0,398
1727427240457,776,HTTP Request,200,OK,Users 1-93,text,true,,4757,119,51,51,https://www.blazedemo.com/,759,0,299
1727427240442,798,HTTP Request,200,OK,Users 1-92,text,true,,4757,119,51,51,https://www.blazedemo.com/,785,0,302
1727427240405,852,HTTP Request,200,OK,Users 1-87,text,true,,4757,119,51,51,https://www.blazedemo.com/,852,0,348
1727427240447,812,HTTP Request,200,OK,Users 1-90,text,true,,4757,119,50,50,https://www.blazedemo.com/,810,0,305
1727427240428,831,HTTP Request,200,OK,Users 1-91,text,true,,4757,119,50,50,https://www.blazedemo.com/,829,0,317
1727427240497,806,HTTP Request,200,OK,Users 1-96,text,true,,4757,119,51,51,https://www.blazedemo.com/,795,0,368
1727427240528,801,HTTP Request,200,OK,Users 1-95,text,true,,4757,119,52,52,https://www.blazedemo.com/,783,0,379
1727427240587,742,HTTP Request,200,OK,Users 1-99,text,true,,4761,119,52,52,https://www.blazedemo.com/,742,0,341
1727427240573,760,HTTP Request,200,OK,Users 1-98,text,true,,4757,119,50,50,https://www.blazedemo.com/,755,0,353
1727427240678,657,HTTP Request,200,OK,Users 1-105,text,true,,4757,119,50,50,https://www.blazedemo.com/,647,0,251
1727427240691,820,HTTP Request,200,OK,Users 1-106,text,true,,4757,119,58,58,https://www.blazedemo.com/,820,0,251
1727427240664,848,HTTP Request,200,OK,Users 1-104,text,true,,4761,119,57,57,https://www.blazedemo.com/,823,0,272
1727427240642,871,HTTP Request,200,OK,Users 1-103,text,true,,4757,119,56,56,https://www.blazedemo.com/,870,0,313
1727427240812,701,HTTP Request,200,OK,Users 1-94,text,true,,4757,119,56,56,https://www.blazedemo.com/,699,0,233
1727427240555,959,HTTP Request,200,OK,Users 1-97,text,true,,4757,119,54,54,https://www.blazedemo.com/,957,0,474
1727427240884,631,HTTP Request,200,OK,Users 1-112,text,true,,4757,119,54,54,https://www.blazedemo.com/,628,0,192
1727427240615,905,HTTP Request,200,OK,Users 1-101,text,true,,4757,119,52,52,https://www.blazedemo.com/,901,0,341
1727427240898,622,HTTP Request,200,OK,Users 1-113,text,true,,4757,119,52,52,https://www.blazedemo.com/,615,0,180
1727427240716,804,HTTP Request,200,OK,Users 1-107,text,true,,4757,119,52,52,https://www.blazedemo.com/,800,0,378
1727427240602,932,HTTP Request,200,OK,Users 1-100,text,true,,4757,119,50,50,https://www.blazedemo.com/,919,0,427
1727427240869,666,HTTP Request,200,OK,Users 1-111,text,true,,4757,119,50,50,https://www.blazedemo.com/,655,0,228
1727427240629,928,HTTP Request,200,OK,Users 1-102,text,true,,4757,119,50,50,https://www.blazedemo.com/,916,0,401
1727427240740,826,HTTP Request,200,OK,Users 1-108,text,true,,4757,119,50,50,https://www.blazedemo.com/,818,0,214
1727427240832,759,HTTP Request,200,OK,Users 1-110,text,true,,4757,119,51,51,https://www.blazedemo.com/,750,0,245
1727427240913,705,HTTP Request,200,OK,Users 1-114,text,true,,4757,119,51,51,https://www.blazedemo.com/,677,0,266
1727427240937,705,HTTP Request,200,OK,Users 1-115,text,true,,4757,119,52,52,https://www.blazedemo.com/,700,0,277
1727427240971,690,HTTP Request,200,OK,Users 1-117,text,true,,4757,119,52,52,https://www.blazedemo.com/,679,0,255
1727427240954,724,HTTP Request,200,OK,Users 1-116,text,true,,4757,119,53,53,https://www.blazedemo.com/,715,0,305
1727427241069,617,HTTP Request,200,OK,Users 1-123,text,true,,4757,119,52,52,https://www.blazedemo.com/,606,0,186
1727427241081,614,HTTP Request,200,OK,Users 1-124,text,true,,4757,119,52,52,https://www.blazedemo.com/,606,0,181
1727427241000,698,HTTP Request,200,OK,Users 1-119,text,true,,4757,119,51,51,https://www.blazedemo.com/,684,0,264
1727427240175,1525,HTTP Request,200,OK,Users 1-78,text,true,,4757,119,50,50,https://www.blazedemo.com/,1515,0,370
1727427241125,582,HTTP Request,200,OK,Users 1-127,text,true,,4757,119,50,50,https://www.blazedemo.com/,573,0,143
1727427240950,762,HTTP Request,200,OK,Users 1-128,text,true,,4757,119,49,49,https://www.blazedemo.com/,757,0,270
1727427241111,666,HTTP Request,200,OK,Users 1-126,text,true,,4757,119,49,49,https://www.blazedemo.com/,656,0,154
1727427240818,962,HTTP Request,200,OK,Users 1-109,text,true,,4757,119,48,48,https://www.blazedemo.com/,953,0,538
1727427241178,608,HTTP Request,200,OK,Users 1-131,text,true,,4757,119,47,47,https://www.blazedemo.com/,598,0,101
1727427241054,735,HTTP Request,200,OK,Users 1-122,text,true,,4757,119,46,46,https://www.blazedemo.com/,728,0,193
1727427241040,762,HTTP Request,200,OK,Users 1-121,text,true,,4757,119,46,46,https://www.blazedemo.com/,750,0,196
1727427241305,504,HTTP Request,200,OK,Users 1-140,text,true,,4757,119,46,46,https://www.blazedemo.com/,498,0,100
1727427241240,574,HTTP Request,200,OK,Users 1-149,text,true,,4757,119,45,45,https://www.blazedemo.com/,565,0,160
1727427241096,718,HTTP Request,200,OK,Users 1-125,text,true,,4757,119,45,45,https://www.blazedemo.com/,707,0,165
1727427241225,591,HTTP Request,200,OK,Users 1-148,text,true,,4757,119,43,43,https://www.blazedemo.com/,584,0,169
1727427241164,657,HTTP Request,200,OK,Users 1-130,text,true,,4757,119,42,42,https://www.blazedemo.com/,650,0,104
1727427241017,806,HTTP Request,200,OK,Users 1-120,text,true,,4757,119,42,42,https://www.blazedemo.com/,802,0,230
1727427241277,554,HTTP Request,200,OK,Users 1-138,text,true,,4757,119,41,41,https://www.blazedemo.com/,544,0,127
1727427240986,846,HTTP Request,200,OK,Users 1-118,text,true,,4757,119,41,41,https://www.blazedemo.com/,836,0,279
1727427241150,695,HTTP Request,200,OK,Users 1-129,text,true,,4757,119,40,40,https://www.blazedemo.com/,689,0,105
1727427241193,653,HTTP Request,200,OK,Users 1-132,text,true,,4757,119,40,40,https://www.blazedemo.com/,639,0,110
1727427241205,641,HTTP Request,200,OK,Users 1-133,text,true,,4757,119,39,39,https://www.blazedemo.com/,629,0,149
1727427241219,630,HTTP Request,200,OK,Users 1-134,text,true,,4757,119,37,37,https://www.blazedemo.com/,620,0,146
1727427241129,720,HTTP Request,200,OK,Users 1-141,text,true,,4757,119,37,37,https://www.blazedemo.com/,717,0,138
1727427241397,492,HTTP Request,200,OK,Users 1-146,text,true,,4757,119,38,38,https://www.blazedemo.com/,490,0,87
1727427241347,551,HTTP Request,200,OK,Users 1-143,text,true,,4757,119,38,38,https://www.blazedemo.com/,542,0,100
1727427240003,1883,HTTP Request,200,OK,Users 1-66,text,true,,4757,119,38,38,https://www.blazedemo.com/,1846,0,419
1727427241335,576,HTTP Request,200,OK,Users 1-142,text,true,,4757,119,36,36,https://www.blazedemo.com/,570,0,176
1727427241308,607,HTTP Request,200,OK,Users 1-154,text,true,,4757,119,36,36,https://www.blazedemo.com/,600,0,202
1727427241293,636,HTTP Request,200,OK,Users 1-139,text,true,,4757,119,36,36,https://www.blazedemo.com/,630,0,216
1727427241249,680,HTTP Request,200,OK,Users 1-136,text,true,,4757,119,36,36,https://www.blazedemo.com/,670,0,274
1727427241233,742,HTTP Request,200,OK,Users 1-135,text,true,,4757,119,37,37,https://www.blazedemo.com/,732,0,276
1727427241478,497,HTTP Request,200,OK,Users 1-152,text,true,,4757,119,37,37,https://www.blazedemo.com/,493,0,89
1727427241261,722,HTTP Request,200,OK,Users 1-137,text,true,,4757,119,35,35,https://www.blazedemo.com/,711,0,248
1727427241380,610,HTTP Request,200,OK,Users 1-145,text,true,,4757,119,35,35,https://www.blazedemo.com/,599,0,132
1727427241452,559,HTTP Request,200,OK,Users 1-150,text,true,,4757,119,36,36,https://www.blazedemo.com/,556,0,92
1727427241368,647,HTTP Request,200,OK,Users 1-144,text,true,,4757,119,35,35,https://www.blazedemo.com/,637,0,227
1727427241465,556,HTTP Request,200,OK,Users 1-151,text,true,,4757,119,34,34,https://www.blazedemo.com/,545,0,98
1727427241536,494,HTTP Request,200,OK,Users 1-156,text,true,,4757,119,34,34,https://www.blazedemo.com/,484,0,97
1727427241409,631,HTTP Request,200,OK,Users 1-147,text,true,,4757,119,34,34,https://www.blazedemo.com/,618,0,210
1727427241494,554,HTTP Request,200,OK,Users 1-153,text,true,,4757,119,33,33,https://www.blazedemo.com/,544,0,126
1727427241550,498,HTTP Request,200,OK,Users 1-157,text,true,,4757,119,33,33,https://www.blazedemo.com/,494,0,97
1727427241523,533,HTTP Request,200,OK,Users 1-155,text,true,,4757,119,32,32,https://www.blazedemo.com/,523,0,101
1727427241579,489,HTTP Request,200,OK,Users 1-159,text,true,,4757,119,32,32,https://www.blazedemo.com/,478,0,89
1727427241565,519,HTTP Request,200,OK,Users 1-158,text,true,,4757,119,32,32,https://www.blazedemo.com/,509,0,106
1727427241606,507,HTTP Request,200,OK,Users 1-161,text,true,,4757,119,33,33,https://www.blazedemo.com/,502,0,117
1727427241592,533,HTTP Request,200,OK,Users 1-160,text,true,,4757,119,33,33,https://www.blazedemo.com/,525,0,130
1727427241649,498,HTTP Request,200,OK,Users 1-164,text,true,,4757,119,33,33,https://www.blazedemo.com/,483,0,90
1727427241663,484,HTTP Request,200,OK,Users 1-165,text,true,,4757,119,33,33,https://www.blazedemo.com/,473,0,85
1727427241619,528,HTTP Request,200,OK,Users 1-162,text,true,,4757,119,33,33,https://www.blazedemo.com/,513,0,110
1727427241676,509,HTTP Request,200,OK,Users 1-166,text,true,,4757,119,34,34,https://www.blazedemo.com/,500,0,95
1727427241706,497,HTTP Request,200,OK,Users 1-168,text,true,,4757,119,35,35,https://www.blazedemo.com/,489,0,97
1727427241691,560,HTTP Request,200,OK,Users 1-167,text,true,,4757,119,37,37,https://www.blazedemo.com/,547,0,114
1727427241720,535,HTTP Request,200,OK,Users 1-169,text,true,,4757,119,37,37,https://www.blazedemo.com/,521,0,102
1727427241808,496,HTTP Request,200,OK,Users 1-171,text,true,,4757,119,39,39,https://www.blazedemo.com/,492,0,90
1727427241790,517,HTTP Request,200,OK,Users 1-170,text,true,,4757,119,38,38,https://www.blazedemo.com/,510,0,100
1727427241633,691,HTTP Request,200,OK,Users 1-163,text,true,,4757,119,39,39,https://www.blazedemo.com/,684,0,307
1727427241870,505,HTTP Request,200,OK,Users 1-175,text,true,,4757,119,41,41,https://www.blazedemo.com/,502,0,103
1727427241835,559,HTTP Request,200,OK,Users 1-173,text,true,,4757,119,43,43,https://www.blazedemo.com/,548,0,112
1727427241856,519,HTTP Request,200,OK,Users 1-174,text,true,,4757,119,41,41,https://www.blazedemo.com/,516,0,116
1727427241822,550,HTTP Request,200,OK,Users 1-172,text,true,,4757,119,41,41,https://www.blazedemo.com/,529,0,122
1727427241887,530,HTTP Request,200,OK,Users 1-176,text,true,,4757,119,40,40,https://www.blazedemo.com/,516,0,107
1727427241940,497,HTTP Request,200,OK,Users 1-180,text,true,,4757,119,41,41,https://www.blazedemo.com/,488,0,90
1727427241913,526,HTTP Request,200,OK,Users 1-178,text,true,,4757,119,40,40,https://www.blazedemo.com/,517,0,95
1727427241927,545,HTTP Request,200,OK,Users 1-179,text,true,,4757,119,41,41,https://www.blazedemo.com/,527,0,108
1727427241954,519,HTTP Request,200,OK,Users 1-181,text,true,,4757,119,40,40,https://www.blazedemo.com/,500,0,102
1727427241985,489,HTTP Request,200,OK,Users 1-183,text,true,,4757,119,40,40,https://www.blazedemo.com/,477,0,88
1727427241996,508,HTTP Request,200,OK,Users 1-184,text,true,,4757,119,40,40,https://www.blazedemo.com/,503,0,99
1727427241969,544,HTTP Request,200,OK,Users 1-182,text,true,,4757,119,40,40,https://www.blazedemo.com/,535,0,119
1727427242010,521,HTTP Request,200,OK,Users 1-185,text,true,,4757,119,40,40,https://www.blazedemo.com/,518,0,110
1727427242024,511,HTTP Request,200,OK,Users 1-186,text,true,,4757,119,39,39,https://www.blazedemo.com/,504,0,102
1727427242038,498,HTTP Request,200,OK,Users 1-187,text,true,,4757,119,39,39,https://www.blazedemo.com/,490,0,93
1727427241898,648,HTTP Request,200,OK,Users 1-177,text,true,,4757,119,38,38,https://www.blazedemo.com/,643,0,237
1727427242051,515,HTTP Request,200,OK,Users 1-188,text,true,,4757,119,38,38,https://www.blazedemo.com/,509,0,96
1727427242096,509,HTTP Request,200,OK,Users 1-191,text,true,,4757,119,40,40,https://www.blazedemo.com/,509,0,90
1727427242066,541,HTTP Request,200,OK,Users 1-189,text,true,,4757,119,39,39,https://www.blazedemo.com/,526,0,105
1727427242080,546,HTTP Request,200,OK,Users 1-190,text,true,,4757,119,39,39,https://www.blazedemo.com/,535,0,108
1727427242107,522,HTTP Request,200,OK,Users 1-192,text,true,,4757,119,38,38,https://www.blazedemo.com/,504,0,97
1727427242138,493,HTTP Request,200,OK,Users 1-194,text,true,,4757,119,38,38,https://www.blazedemo.com/,482,0,92
1727427242125,530,HTTP Request,200,OK,Users 1-193,text,true,,4757,119,38,38,https://www.blazedemo.com/,520,0,91
1727427242165,494,HTTP Request,200,OK,Users 1-196,text,true,,4757,119,37,37,https://www.blazedemo.com/,483,0,95
1727427242172,508,HTTP Request,200,OK,Users 1-198,text,true,,4757,119,38,38,https://www.blazedemo.com/,499,0,101
1727427242160,553,HTTP Request,200,OK,Users 1-197,text,true,,4757,119,39,39,https://www.blazedemo.com/,543,0,99
1727427242228,495,HTTP Request,200,OK,Users 1-202,text,true,,4757,119,39,39,https://www.blazedemo.com/,482,0,87
1727427242257,487,HTTP Request,200,OK,Users 1-204,text,true,,4757,119,39,39,https://www.blazedemo.com/,482,0,98
1727427242152,596,HTTP Request,200,OK,Users 1-195,text,true,,4757,119,38,38,https://www.blazedemo.com/,587,0,101
1727427242242,519,HTTP Request,200,OK,Users 1-203,text,true,,4757,119,38,38,https://www.blazedemo.com/,519,0,95
1727427242186,583,HTTP Request,200,OK,Users 1-199,text,true,,4757,119,38,38,https://www.blazedemo.com/,572,0,93
1727427242214,556,HTTP Request,200,OK,Users 1-201,text,true,,4757,119,38,38,https://www.blazedemo.com/,547,0,96
1727427242200,572,HTTP Request,200,OK,Users 1-200,text,true,,4757,119,36,36,https://www.blazedemo.com/,564,0,104
1727427242283,490,HTTP Request,200,OK,Users 1-206,text,true,,4757,119,36,36,https://www.blazedemo.com/,483,0,98
1727427242269,514,HTTP Request,200,OK,Users 1-205,text,true,,4757,119,35,35,https://www.blazedemo.com/,501,0,104
1727427242296,503,HTTP Request,200,OK,Users 1-207,text,true,,4757,119,35,35,https://www.blazedemo.com/,496,0,99
1727427242310,524,HTTP Request,200,OK,Users 1-208,text,true,,4757,119,36,36,https://www.blazedemo.com/,517,0,109
1727427242377,526,HTTP Request,200,OK,Users 1-213,text,true,,4757,119,41,41,https://www.blazedemo.com/,516,0,106
1727427242364,507,HTTP Request,200,OK,Users 1-212,text,true,,4757,119,39,39,https://www.blazedemo.com/,507,0,100
1727427242391,522,HTTP Request,200,OK,Users 1-214,text,true,,4757,119,40,40,https://www.blazedemo.com/,512,0,99
1727427242325,623,HTTP Request,200,OK,Users 1-209,text,true,,4757,119,41,41,https://www.blazedemo.com/,623,0,86
1727427242338,611,HTTP Request,200,OK,Users 1-210,text,true,,4757,119,40,40,https://www.blazedemo.com/,611,0,91
1727427242418,532,HTTP Request,200,OK,Users 1-216,text,true,,4757,119,39,39,https://www.blazedemo.com/,532,0,95
1727427242352,600,HTTP Request,200,OK,Users 1-211,text,true,,4757,119,38,38,https://www.blazedemo.com/,599,0,123
1727427242433,519,HTTP Request,200,OK,Users 1-217,text,true,,4757,119,38,38,https://www.blazedemo.com/,519,0,94
1727427242452,508,HTTP Request,200,OK,Users 1-218,text,true,,4757,119,37,37,https://www.blazedemo.com/,502,0,107
1727427242406,557,HTTP Request,200,OK,Users 1-215,text,true,,4757,119,37,37,https://www.blazedemo.com/,551,0,104
1727427242467,523,HTTP Request,200,OK,Users 1-219,text,true,,4757,119,37,37,https://www.blazedemo.com/,513,0,126
1727427242508,506,HTTP Request,200,OK,Users 1-222,text,true,,4757,119,38,38,https://www.blazedemo.com/,496,0,98
1727427242540,479,HTTP Request,200,OK,Users 1-224,text,true,,4757,119,37,37,https://www.blazedemo.com/,468,0,86
1727427242481,539,HTTP Request,200,OK,Users 1-220,text,true,,4757,119,37,37,https://www.blazedemo.com/,527,0,102
1727427242525,498,HTTP Request,200,OK,Users 1-223,text,true,,4757,119,36,36,https://www.blazedemo.com/,495,0,98
1727427242569,503,HTTP Request,200,OK,Users 1-226,text,true,,4757,119,38,38,https://www.blazedemo.com/,488,0,98
1727427242495,589,HTTP Request,200,OK,Users 1-221,text,true,,4757,119,38,38,https://www.blazedemo.com/,586,0,123
1727427242597,492,HTTP Request,200,OK,Users 1-228,text,true,,4757,119,37,37,https://www.blazedemo.com/,484,0,91
1727427242630,482,HTTP Request,200,OK,Users 1-230,text,true,,4757,119,38,38,https://www.blazedemo.com/,473,0,87
1727427242583,542,HTTP Request,200,OK,Users 1-227,text,true,,4757,119,38,38,https://www.blazedemo.com/,530,0,89
1727427242661,477,HTTP Request,200,OK,Users 1-232,text,true,,4757,119,38,38,https://www.blazedemo.com/,473,0,87
1727427242647,497,HTTP Request,200,OK,Users 1-231,text,true,,4757,119,38,38,https://www.blazedemo.com/,489,0,96
1727427242612,568,HTTP Request,200,OK,Users 1-229,text,true,,4757,119,39,39,https://www.blazedemo.com/,559,0,125
1727427242692,490,HTTP Request,200,OK,Users 1-234,text,true,,4757,119,38,38,https://www.blazedemo.com/,481,0,87
1727427242706,515,HTTP Request,200,OK,Users 1-235,text,true,,4757,119,40,40,https://www.blazedemo.com/,506,0,100
1727427242763,476,HTTP Request,200,OK,Users 1-239,text,true,,4757,119,40,40,https://www.blazedemo.com/,473,0,86
1727427242722,519,HTTP Request,200,OK,Users 1-236,text,true,,4757,119,40,40,https://www.blazedemo.com/,508,0,108
1727427242749,538,HTTP Request,200,OK,Users 1-238,text,true,,4757,119,42,42,https://www.blazedemo.com/,525,0,123
1727427242823,508,HTTP Request,200,OK,Users 1-243,text,true,,4757,119,44,44,https://www.blazedemo.com/,501,0,91
1727427242852,514,HTTP Request,200,OK,Users 1-245,text,true,,4757,119,46,46,https://www.blazedemo.com/,508,0,108
1727427242864,524,HTTP Request,200,OK,Users 1-246,text,true,,4757,119,47,47,https://www.blazedemo.com/,518,0,115
1727427242795,566,HTTP Request,200,OK,Users 1-241,text,true,,4757,119,45,45,https://www.blazedemo.com/,555,0,124
1727427242854,510,HTTP Request,200,OK,Users 1-269,text,true,,4757,119,45,45,https://www.blazedemo.com/,500,0,107
1727427242837,522,HTTP Request,200,OK,Users 1-244,text,true,,4757,119,45,45,https://www.blazedemo.com/,513,0,84
1727427242676,740,HTTP Request,200,OK,Users 1-233,text,true,,4757,119,44,44,https://www.blazedemo.com/,739,0,89
1727427242556,861,HTTP Request,200,OK,Users 1-225,text,true,,4757,119,43,43,https://www.blazedemo.com/,861,0,102
1727427242734,684,HTTP Request,200,OK,Users 1-237,text,true,,4757,119,42,42,https://www.blazedemo.com/,684,0,216
1727427242922,503,HTTP Request,200,OK,Users 1-250,text,true,,4757,119,42,42,https://www.blazedemo.com/,503,0,95
1727427242934,521,HTTP Request,200,OK,Users 1-251,text,true,,4757,119,43,43,https://www.blazedemo.com/,502,0,107
1727427242808,652,HTTP Request,200,OK,Users 1-242,text,true,,4757,119,42,42,https://www.blazedemo.com/,641,0,241
1727427242879,582,HTTP Request,200,OK,Users 1-247,text,true,,4757,119,43,43,https://www.blazedemo.com/,576,0,161
1727427242781,685,HTTP Request,200,OK,Users 1-240,text,true,,4757,119,41,41,https://www.blazedemo.com/,668,0,269
1727427242906,561,HTTP Request,200,OK,Users 1-249,text,true,,4757,119,40,40,https://www.blazedemo.com/,551,0,148
1727427242892,575,HTTP Request,200,OK,Users 1-248,text,true,,4757,119,40,40,https://www.blazedemo.com/,570,0,152
1727427242956,532,HTTP Request,200,OK,Users 1-252,text,true,,4757,119,40,40,https://www.blazedemo.com/,526,0,117
1727427242991,510,HTTP Request,200,OK,Users 1-255,text,true,,4757,119,40,40,https://www.blazedemo.com/,498,0,92
1727427243005,503,HTTP Request,200,OK,Users 1-256,text,true,,4757,119,39,39,https://www.blazedemo.com/,494,0,104
1727427243021,510,HTTP Request,200,OK,Users 1-257,text,true,,4757,119,39,39,https://www.blazedemo.com/,506,0,91
1727427243048,491,HTTP Request,200,OK,Users 1-259,text,true,,4757,119,39,39,https://www.blazedemo.com/,481,0,87
1727427243035,510,HTTP Request,200,OK,Users 1-258,text,true,,4757,119,38,38,https://www.blazedemo.com/,504,0,99
1727427243090,493,HTTP Request,200,OK,Users 1-262,text,true,,4757,119,41,41,https://www.blazedemo.com/,484,0,91
1727427243075,512,HTTP Request,200,OK,Users 1-261,text,true,,4757,119,40,40,https://www.blazedemo.com/,504,0,97
1727427243116,487,HTTP Request,200,OK,Users 1-264,text,true,,4757,119,39,39,https://www.blazedemo.com/,474,0,88
1727427243130,492,HTTP Request,200,OK,Users 1-265,text,true,,4757,119,39,39,https://www.blazedemo.com/,481,0,93
1727427243144,496,HTTP Request,200,OK,Users 1-266,text,true,,4757,119,40,40,https://www.blazedemo.com/,492,0,95
1727427243223,492,HTTP Request,200,OK,Users 1-273,text,true,,4757,119,44,44,https://www.blazedemo.com/,482,0,100
1727427243209,510,HTTP Request,200,OK,Users 1-272,text,true,,4757,119,43,43,https://www.blazedemo.com/,498,0,97
1727427243184,549,HTTP Request,200,OK,Users 1-270,text,true,,4757,119,43,43,https://www.blazedemo.com/,540,0,90
1727427242979,761,HTTP Request,200,OK,Users 1-254,text,true,,4761,119,43,43,https://www.blazedemo.com/,754,0,325
1727427243256,514,HTTP Request,200,OK,Users 1-275,text,true,,4757,119,44,44,https://www.blazedemo.com/,508,0,92
1727427243270,516,HTTP Request,200,OK,Users 1-276,text,true,,4757,119,44,44,https://www.blazedemo.com/,504,0,94
1727427243298,503,HTTP Request,200,OK,Users 1-278,text,true,,4757,119,44,44,https://www.blazedemo.com/,491,0,90
1727427242963,866,HTTP Request,200,OK,Users 1-253,text,true,,4757,119,45,45,https://www.blazedemo.com/,860,0,454
1727427243338,499,HTTP Request,200,OK,Users 1-281,text,true,,4757,119,45,45,https://www.blazedemo.com/,490,0,91
1727427243196,643,HTTP Request,200,OK,Users 1-271,text,true,,4757,119,44,44,https://www.blazedemo.com/,637,0,223
1727427243326,527,HTTP Request,200,OK,Users 1-280,text,true,,4757,119,44,44,https://www.blazedemo.com/,521,0,101
1727427243391,519,HTTP Request,200,OK,Users 1-285,text,true,,4757,119,47,47,https://www.blazedemo.com/,509,0,98
1727427243352,541,HTTP Request,200,OK,Users 1-282,text,true,,4757,119,46,46,https://www.blazedemo.com/,539,0,103
1727427243365,528,HTTP Request,200,OK,Users 1-283,text,true,,4757,119,46,46,https://www.blazedemo.com/,523,0,108
1727427243283,584,HTTP Request,200,OK,Users 1-277,text,true,,4757,119,44,44,https://www.blazedemo.com/,575,0,137
1727427243061,804,HTTP Request,200,OK,Users 1-260,text,true,,4757,119,44,44,https://www.blazedemo.com/,795,0,398
1727427243158,758,HTTP Request,200,OK,Users 1-267,text,true,,4757,119,43,43,https://www.blazedemo.com/,747,0,350
1727427243406,531,HTTP Request,200,OK,Users 1-286,text,true,,4757,119,43,43,https://www.blazedemo.com/,518,0,116
1727427243241,704,HTTP Request,200,OK,Users 1-274,text,true,,4757,119,43,43,https://www.blazedemo.com/,695,0,286
1727427243421,525,HTTP Request,200,OK,Users 1-287,text,true,,4757,119,42,42,https://www.blazedemo.com/,516,0,108
1727427243433,523,HTTP Request,200,OK,Users 1-288,text,true,,4757,119,42,42,https://www.blazedemo.com/,509,0,105
1727427243171,785,HTTP Request,200,OK,Users 1-268,text,true,,4757,119,42,42,https://www.blazedemo.com/,774,0,354
1727427243447,513,HTTP Request,200,OK,Users 1-289,text,true,,4757,119,41,41,https://www.blazedemo.com/,509,0,108
1727427243103,858,HTTP Request,200,OK,Users 1-263,text,true,,4757,119,41,41,https://www.blazedemo.com/,853,0,421
1727427243463,503,HTTP Request,200,OK,Users 1-290,text,true,,4757,119,40,40,https://www.blazedemo.com/,499,0,106
1727427243475,504,HTTP Request,200,OK,Users 1-291,text,true,,4757,119,39,39,https://www.blazedemo.com/,494,0,94
1727427243493,508,HTTP Request,200,OK,Users 1-293,text,true,,4757,119,40,40,https://www.blazedemo.com/,498,0,98
1727427243479,542,HTTP Request,200,OK,Users 1-292,text,true,,4757,119,41,41,https://www.blazedemo.com/,518,0,124
1727427243533,496,HTTP Request,200,OK,Users 1-295,text,true,,4757,119,40,40,https://www.blazedemo.com/,489,0,102
1727427243520,520,HTTP Request,200,OK,Users 1-294,text,true,,4757,119,39,39,https://www.blazedemo.com/,513,0,114
1727427243552,500,HTTP Request,200,OK,Users 1-296,text,true,,4757,119,39,39,https://www.blazedemo.com/,486,0,89
1727427243563,498,HTTP Request,200,OK,Users 1-297,text,true,,4757,119,38,38,https://www.blazedemo.com/,491,0,84
1727427243313,757,HTTP Request,200,OK,Users 1-279,text,true,,4757,119,38,38,https://www.blazedemo.com/,746,0,211
1727427243578,497,HTTP Request,200,OK,Users 1-299,text,true,,4757,119,37,37,https://www.blazedemo.com/,487,0,97
1727427243563,518,HTTP Request,200,OK,Users 1-298,text,true,,4757,119,38,38,https://www.blazedemo.com/,508,0,89
1727427243612,501,HTTP Request,200,OK,Users 1-300,text,true,,4757,119,38,38,https://www.blazedemo.com/,487,0,97
1727427243625,493,HTTP Request,200,OK,Users 1-301,text,true,,4757,119,37,37,https://www.blazedemo.com/,482,0,96
1727427243378,775,HTTP Request,200,OK,Users 1-284,text,true,,4757,119,39,39,https://www.blazedemo.com/,763,0,363
1727427243646,510,HTTP Request,200,OK,Users 1-304,text,true,,4757,119,38,38,https://www.blazedemo.com/,499,0,102
1727427243639,521,HTTP Request,200,OK,Users 1-302,text,true,,4757,119,37,37,https://www.blazedemo.com/,508,0,99
1727427243660,500,HTTP Request,200,OK,Users 1-305,text,true,,4757,119,37,37,https://www.blazedemo.com/,496,0,95
1727427243691,491,HTTP Request,200,OK,Users 1-307,text,true,,4757,119,37,37,https://www.blazedemo.com/,482,0,93
1727427243654,533,HTTP Request,200,OK,Users 1-303,text,true,,4757,119,36,36,https://www.blazedemo.com/,524,0,98
1727427243695,501,HTTP Request,200,OK,Users 1-306,text,true,,4757,119,36,36,https://www.blazedemo.com/,493,0,87
1727427243722,498,HTTP Request,200,OK,Users 1-308,text,true,,4757,119,38,38,https://www.blazedemo.com/,486,0,92
1727427243750,508,HTTP Request,200,OK,Users 1-310,text,true,,4757,119,38,38,https://www.blazedemo.com/,496,0,97
1727427243791,470,HTTP Request,200,OK,Users 1-313,text,true,,4757,119,38,38,https://www.blazedemo.com/,460,0,87
1727427243776,494,HTTP Request,200,OK,Users 1-312,text,true,,4757,119,37,37,https://www.blazedemo.com/,486,0,99
1727427243764,512,HTTP Request,200,OK,Users 1-311,text,true,,4757,119,37,37,https://www.blazedemo.com/,506,0,102
1727427243805,471,HTTP Request,200,OK,Users 1-314,text,true,,4757,119,37,37,https://www.blazedemo.com/,465,0,89
1727427243736,541,HTTP Request,200,OK,Users 1-309,text,true,,4757,119,35,35,https://www.blazedemo.com/,534,0,108
1727427243832,513,HTTP Request,200,OK,Users 1-316,text,true,,4757,119,39,39,https://www.blazedemo.com/,506,0,96
1727427243860,524,HTTP Request,200,OK,Users 1-318,text,true,,4757,119,41,41,https://www.blazedemo.com/,502,0,94
1727427243846,516,HTTP Request,200,OK,Users 1-317,text,true,,4757,119,39,39,https://www.blazedemo.com/,502,0,98
1727427243885,501,HTTP Request,200,OK,Users 1-320,text,true,,4757,119,41,41,https://www.blazedemo.com/,477,0,87
1727427243819,590,HTTP Request,200,OK,Users 1-315,text,true,,4757,119,39,39,https://www.blazedemo.com/,568,0,112
1727427243897,514,HTTP Request,200,OK,Users 1-321,text,true,,4757,119,38,38,https://www.blazedemo.com/,514,0,86
1727427243875,561,HTTP Request,200,OK,Users 1-319,text,true,,4757,119,37,37,https://www.blazedemo.com/,557,0,115
1727427243954,496,HTTP Request,200,OK,Users 1-325,text,true,,4757,119,38,38,https://www.blazedemo.com/,483,0,94
1727427243966,484,HTTP Request,200,OK,Users 1-326,text,true,,4757,119,38,38,https://www.blazedemo.com/,474,0,85
1727427243925,530,HTTP Request,200,OK,Users 1-323,text,true,,4757,119,36,36,https://www.blazedemo.com/,527,0,108
1727427243911,553,HTTP Request,200,OK,Users 1-322,text,true,,4757,119,35,35,https://www.blazedemo.com/,543,0,112
1727427243938,532,HTTP Request,200,OK,Users 1-324,text,true,,4757,119,34,34,https://www.blazedemo.com/,526,0,105
1727427243957,538,HTTP Request,200,OK,Users 1-327,text,true,,4757,119,33,33,https://www.blazedemo.com/,526,0,114
1727427243995,524,HTTP Request,200,OK,Users 1-328,text,true,,4757,119,32,32,https://www.blazedemo.com/,512,0,90
1727427243999,550,HTTP Request,200,OK,Users 1-330,text,true,,4757,119,35,35,https://www.blazedemo.com/,538,0,97
1727427244063,498,HTTP Request,200,OK,Users 1-333,text,true,,4757,119,36,36,https://www.blazedemo.com/,492,0,95
1727427244080,495,HTTP Request,200,OK,Users 1-336,text,true,,4757,119,36,36,https://www.blazedemo.com/,494,0,91
1727427244049,528,HTTP Request,200,OK,Users 1-332,text,true,,4757,119,35,35,https://www.blazedemo.com/,525,0,105
1727427244008,582,HTTP Request,200,OK,Users 1-329,text,true,,4757,119,36,36,https://www.blazedemo.com/,578,0,109
1727427244077,513,HTTP Request,200,OK,Users 1-334,text,true,,4757,119,36,36,https://www.blazedemo.com/,507,0,89
1727427244012,593,HTTP Request,200,OK,Users 1-331,text,true,,4757,119,35,35,https://www.blazedemo.com/,581,0,112
1727427244121,493,HTTP Request,200,OK,Users 1-339,text,true,,4757,119,36,36,https://www.blazedemo.com/,487,0,95
1727427244121,499,HTTP Request,200,OK,Users 1-337,text,true,,4757,119,35,35,https://www.blazedemo.com/,491,0,90
1727427244092,556,HTTP Request,200,OK,Users 1-335,text,true,,4757,119,36,36,https://www.blazedemo.com/,546,0,120
1727427244176,488,HTTP Request,200,OK,Users 1-341,text,true,,4757,119,35,35,https://www.blazedemo.com/,477,0,85
1727427244190,485,HTTP Request,200,OK,Users 1-342,text,true,,4757,119,34,34,https://www.blazedemo.com/,478,0,94
1727427244135,553,HTTP Request,200,OK,Users 1-338,text,true,,4757,119,33,33,https://www.blazedemo.com/,542,0,115
1727427244203,494,HTTP Request,200,OK,Users 1-345,text,true,,4757,119,34,34,https://www.blazedemo.com/,483,0,97
1727427244162,537,HTTP Request,200,OK,Users 1-340,text,true,,4757,119,33,33,https://www.blazedemo.com/,529,0,94
1727427244204,528,HTTP Request,200,OK,Users 1-343,text,true,,4761,119,35,35,https://www.blazedemo.com/,518,0,103
1727427244218,531,HTTP Request,200,OK,Users 1-344,text,true,,4757,119,35,35,https://www.blazedemo.com/,522,0,111
1727427244260,527,HTTP Request,200,OK,Users 1-347,text,true,,4757,119,38,38,https://www.blazedemo.com/,512,0,105
1727427244302,517,HTTP Request,200,OK,Users 1-350,text,true,,4757,119,39,39,https://www.blazedemo.com/,506,0,108
1727427244273,548,HTTP Request,200,OK,Users 1-348,text,true,,4757,119,39,39,https://www.blazedemo.com/,539,0,115
1727427244316,506,HTTP Request,200,OK,Users 1-351,text,true,,4757,119,39,39,https://www.blazedemo.com/,500,0,115
1727427244287,538,HTTP Request,200,OK,Users 1-349,text,true,,4757,119,37,37,https://www.blazedemo.com/,529,0,123
1727427244328,510,HTTP Request,200,OK,Users 1-352,text,true,,4757,119,37,37,https://www.blazedemo.com/,501,0,104
1727427244341,542,HTTP Request,200,OK,Users 1-353,text,true,,4757,119,39,39,https://www.blazedemo.com/,538,0,114
1727427244356,516,HTTP Request,200,OK,Users 1-354,text,true,,4757,119,38,38,https://www.blazedemo.com/,504,0,95
1727427244383,500,HTTP Request,200,OK,Users 1-356,text,true,,4757,119,39,39,https://www.blazedemo.com/,492,0,104
1727427244368,548,HTTP Request,200,OK,Users 1-355,text,true,,4757,119,38,38,https://www.blazedemo.com/,547,0,132
1727427244397,544,HTTP Request,200,OK,Users 1-357,text,true,,4757,119,39,39,https://www.blazedemo.com/,535,0,114
1727427244450,506,HTTP Request,200,OK,Users 1-359,text,true,,4757,119,39,39,https://www.blazedemo.com/,493,0,105
1727427244438,540,HTTP Request,200,OK,Users 1-358,text,true,,4757,119,40,40,https://www.blazedemo.com/,533,0,117
1727427244246,780,HTTP Request,200,OK,Users 1-346,text,true,,4757,119,42,42,https://www.blazedemo.com/,769,0,375
1727427244542,511,HTTP Request,200,OK,Users 1-361,text,true,,4757,119,44,44,https://www.blazedemo.com/,500,0,104
1727427244529,525,HTTP Request,200,OK,Users 1-360,text,true,,4757,119,43,43,https://www.blazedemo.com/,514,0,110
1727427244556,501,HTTP Request,200,OK,Users 1-371,text,true,,4757,119,42,42,https://www.blazedemo.com/,490,0,101
1727427244530,532,HTTP Request,200,OK,Users 1-369,text,true,,4757,119,42,42,https://www.blazedemo.com/,523,0,109
1727427244570,509,HTTP Request,200,OK,Users 1-363,text,true,,4757,119,42,42,https://www.blazedemo.com/,498,0,105
1727427244583,508,HTTP Request,200,OK,Users 1-373,text,true,,4757,119,43,43,https://www.blazedemo.com/,504,0,99
1727427244542,552,HTTP Request,200,OK,Users 1-370,text,true,,4757,119,42,42,https://www.blazedemo.com/,543,0,100
1727427244625,489,HTTP Request,200,OK,Users 1-367,text,true,,4757,119,43,43,https://www.blazedemo.com/,480,0,88
1727427244584,546,HTTP Request,200,OK,Users 1-364,text,true,,4757,119,43,43,https://www.blazedemo.com/,545,0,95
1727427244596,534,HTTP Request,200,OK,Users 1-365,text,true,,4757,119,43,43,https://www.blazedemo.com/,519,0,127
1727427244612,536,HTTP Request,200,OK,Users 1-375,text,true,,4757,119,42,42,https://www.blazedemo.com/,526,0,117
1727427244557,599,HTTP Request,200,OK,Users 1-362,text,true,,4757,119,41,41,https://www.blazedemo.com/,589,0,112
1727427244692,494,HTTP Request,200,OK,Users 1-372,text,true,,4757,119,42,42,https://www.blazedemo.com/,481,0,89
1727427244611,581,HTTP Request,200,OK,Users 1-366,text,true,,4757,119,41,41,https://www.blazedemo.com/,563,0,106
1727427244636,557,HTTP Request,200,OK,Users 1-368,text,true,,4757,119,40,40,https://www.blazedemo.com/,550,0,108
1727427244719,486,HTTP Request,200,OK,Users 1-374,text,true,,4757,119,39,39,https://www.blazedemo.com/,485,0,88
1727427244708,498,HTTP Request,200,OK,Users 1-382,text,true,,4757,119,38,38,https://www.blazedemo.com/,488,0,97
1727427244696,525,HTTP Request,200,OK,Users 1-379,text,true,,4757,119,37,37,https://www.blazedemo.com/,519,0,103
1727427244746,501,HTTP Request,200,OK,Users 1-376,text,true,,4757,119,36,36,https://www.blazedemo.com/,495,0,105
1727427244725,523,HTTP Request,200,OK,Users 1-381,text,true,,4757,119,35,35,https://www.blazedemo.com/,522,0,101
1727427244752,503,HTTP Request,200,OK,Users 1-383,text,true,,4757,119,34,34,https://www.blazedemo.com/,497,0,95
1727427244773,499,HTTP Request,200,OK,Users 1-378,text,true,,4757,119,36,36,https://www.blazedemo.com/,485,0,101
1727427244760,515,HTTP Request,200,OK,Users 1-377,text,true,,4757,119,35,35,https://www.blazedemo.com/,512,0,116
1727427244778,509,HTTP Request,200,OK,Users 1-385,text,true,,4757,119,36,36,https://www.blazedemo.com/,499,0,101
1727427244792,533,HTTP Request,200,OK,Users 1-386,text,true,,4757,119,40,40,https://www.blazedemo.com/,521,0,113
1727427244803,524,HTTP Request,200,OK,Users 1-380,text,true,,4757,119,39,39,https://www.blazedemo.com/,507,0,103
1727427244820,524,HTTP Request,200,OK,Users 1-388,text,true,,4757,119,41,41,https://www.blazedemo.com/,524,0,122
1727427244876,527,HTTP Request,200,OK,Users 1-392,text,true,,4757,119,43,43,https://www.blazedemo.com/,517,0,102
1727427244898,496,HTTP Request,200,OK,Users 1-387,text,true,,4757,119,43,43,https://www.blazedemo.com/,489,0,101
1727427244863,530,HTTP Request,200,OK,Users 1-391,text,true,,4757,119,43,43,https://www.blazedemo.com/,525,0,103
1727427244857,516,HTTP Request,200,OK,Users 1-384,text,true,,4757,119,42,42,https://www.blazedemo.com/,505,0,107
1727427244835,529,HTTP Request,200,OK,Users 1-389,text,true,,4757,119,42,42,https://www.blazedemo.com/,520,0,122
1727427244906,520,HTTP Request,200,OK,Users 1-394,text,true,,4757,119,38,38,https://www.blazedemo.com/,519,0,112
1727427244920,509,HTTP Request,200,OK,Users 1-395,text,true,,4757,119,37,37,https://www.blazedemo.com/,506,0,96
1727427244948,497,HTTP Request,200,OK,Users 1-397,text,true,,4757,119,36,36,https://www.blazedemo.com/,489,0,93
1727427244979,480,HTTP Request,200,OK,Users 1-393,text,true,,4757,119,35,35,https://www.blazedemo.com/,476,0,89
1727427244938,533,HTTP Request,200,OK,Users 1-390,text,true,,4757,119,34,34,https://www.blazedemo.com/,520,0,111
1727427244976,501,HTTP Request,200,OK,Users 1-399,text,true,,4757,119,34,34,https://www.blazedemo.com/,490,0,99
1727427244989,499,HTTP Request,200,OK,Users 1-400,text,true,,4757,119,34,34,https://www.blazedemo.com/,488,0,91
1727427245044,481,HTTP Request,200,OK,Users 1-404,text,true,,4757,119,34,34,https://www.blazedemo.com/,479,0,92
1727427245031,525,HTTP Request,200,OK,Users 1-403,text,true,,4757,119,37,37,https://www.blazedemo.com/,525,0,101
1727427245058,501,HTTP Request,200,OK,Users 1-405,text,true,,4757,119,36,36,https://www.blazedemo.com/,498,0,100
1727427245020,541,HTTP Request,200,OK,Users 1-396,text,true,,4757,119,35,35,https://www.blazedemo.com/,536,0,119
1727427245072,500,HTTP Request,200,OK,Users 1-406,text,true,,4757,119,35,35,https://www.blazedemo.com/,491,0,101
1727427245048,533,HTTP Request,200,OK,Users 1-398,text,true,,4757,119,35,35,https://www.blazedemo.com/,517,0,108
1727427245017,575,HTTP Request,200,OK,Users 1-402,text,true,,4757,119,37,37,https://www.blazedemo.com/,559,0,115
1727427245089,517,HTTP Request,200,OK,Users 1-401,text,true,,4757,119,38,38,https://www.blazedemo.com/,506,0,89
1727427245100,511,HTTP Request,200,OK,Users 1-408,text,true,,4757,119,37,37,https://www.blazedemo.com/,499,0,109
1727427245128,497,HTTP Request,200,OK,Users 1-410,text,true,,4757,119,38,38,https://www.blazedemo.com/,486,0,99
1727427245114,514,HTTP Request,200,OK,Users 1-409,text,true,,4757,119,37,37,https://www.blazedemo.com/,508,0,111
1727427245143,503,HTTP Request,200,OK,Users 1-411,text,true,,4757,119,38,38,https://www.blazedemo.com/,495,0,100
1727427245157,505,HTTP Request,200,OK,Users 1-412,text,true,,4757,119,38,38,https://www.blazedemo.com/,493,0,92
1727427245086,591,HTTP Request,200,OK,Users 1-407,text,true,,4757,119,38,38,https://www.blazedemo.com/,580,0,163
1727427245170,523,HTTP Request,200,OK,Users 1-413,text,true,,4757,119,38,38,https://www.blazedemo.com/,509,0,114
1727427245269,494,HTTP Request,200,OK,Users 1-414,text,true,,4757,119,42,42,https://www.blazedemo.com/,486,0,91
1727427245281,492,HTTP Request,200,OK,Users 1-415,text,true,,4757,119,42,42,https://www.blazedemo.com/,484,0,108
1727427245257,516,HTTP Request,200,OK,Users 1-422,text,true,,4757,119,42,42,https://www.blazedemo.com/,504,0,101
1727427245308,502,HTTP Request,200,OK,Users 1-417,text,true,,4757,119,42,42,https://www.blazedemo.com/,497,0,98
1727427245270,551,HTTP Request,200,OK,Users 1-423,text,true,,4757,119,42,42,https://www.blazedemo.com/,539,0,102
1727427245298,524,HTTP Request,200,OK,Users 1-425,text,true,,4757,119,41,41,https://www.blazedemo.com/,514,0,117
1727427245349,498,HTTP Request,200,OK,Users 1-420,text,true,,4757,119,42,42,https://www.blazedemo.com/,489,0,90
1727427245294,560,HTTP Request,200,OK,Users 1-416,text,true,,4757,119,41,41,https://www.blazedemo.com/,547,0,122
1727427245380,493,HTTP Request,200,OK,Users 1-431,text,true,,4757,119,42,42,https://www.blazedemo.com/,483,0,95
1727427245330,546,HTTP Request,200,OK,Users 1-427,text,true,,4757,119,42,42,https://www.blazedemo.com/,541,0,102
1727427245337,527,HTTP Request,200,OK,Users 1-419,text,true,,4757,119,42,42,https://www.blazedemo.com/,526,0,120
1727427245339,534,HTTP Request,200,OK,Users 1-428,text,true,,4757,119,42,42,https://www.blazedemo.com/,526,0,102
1727427245313,550,HTTP Request,200,OK,Users 1-426,text,true,,4757,119,42,42,https://www.blazedemo.com/,542,0,104
1727427245322,540,HTTP Request,200,OK,Users 1-418,text,true,,4761,119,42,42,https://www.blazedemo.com/,533,0,116
1727427245285,642,HTTP Request,200,OK,Users 1-424,text,true,,4757,119,38,38,https://www.blazedemo.com/,616,0,129
1727427245362,578,HTTP Request,200,OK,Users 1-421,text,true,,4757,119,40,40,https://www.blazedemo.com/,567,0,98
1727427245472,516,HTTP Request,200,OK,Users 1-429,text,true,,4757,119,41,41,https://www.blazedemo.com/,504,0,101
1727427245512,490,HTTP Request,200,OK,Users 1-432,text,true,,4757,119,40,40,https://www.blazedemo.com/,479,0,93
1727427245485,554,HTTP Request,200,OK,Users 1-430,text,true,,4757,119,42,42,https://www.blazedemo.com/,543,0,108
1727427245526,552,HTTP Request,200,OK,Users 1-433,text,true,,4757,119,46,46,https://www.blazedemo.com/,540,0,107
1727427245531,554,HTTP Request,200,OK,Users 1-442,text,true,,4757,119,45,45,https://www.blazedemo.com/,547,0,125
1727427245579,509,HTTP Request,200,OK,Users 1-437,text,true,,4757,119,44,44,https://www.blazedemo.com/,497,0,105
1727427245586,503,HTTP Request,200,OK,Users 1-443,text,true,,4757,119,44,44,https://www.blazedemo.com/,490,0,103
1727427245566,526,HTTP Request,200,OK,Users 1-436,text,true,,4757,119,44,44,https://www.blazedemo.com/,522,0,112
1727427245539,556,HTTP Request,200,OK,Users 1-434,text,true,,4757,119,43,43,https://www.blazedemo.com/,549,0,128
1727427245619,486,HTTP Request,200,OK,Users 1-440,text,true,,4761,119,43,43,https://www.blazedemo.com/,476,0,97
1727427245586,522,HTTP Request,200,OK,Users 1-446,text,true,,4757,119,42,42,https://www.blazedemo.com/,510,0,98
1727427245594,520,HTTP Request,200,OK,Users 1-438,text,true,,4757,119,41,41,https://www.blazedemo.com/,513,0,113
1727427245596,519,HTTP Request,200,OK,Users 1-444,text,true,,4757,119,41,41,https://www.blazedemo.com/,513,0,97
1727427245553,564,HTTP Request,200,OK,Users 1-435,text,true,,4757,119,40,40,https://www.blazedemo.com/,552,0,107
1727427245605,528,HTTP Request,200,OK,Users 1-439,text,true,,4757,119,40,40,https://www.blazedemo.com/,518,0,101
1727427245617,537,HTTP Request,200,OK,Users 1-445,text,true,,4757,119,39,39,https://www.blazedemo.com/,527,0,95
1727427245658,511,HTTP Request,200,OK,Users 1-448,text,true,,4757,119,38,38,https://www.blazedemo.com/,498,0,101
1727427245674,497,HTTP Request,200,OK,Users 1-449,text,true,,4757,119,37,37,https://www.blazedemo.com/,490,0,97
1727427245644,536,HTTP Request,200,OK,Users 1-447,text,true,,4757,119,36,36,https://www.blazedemo.com/,527,0,101
1727427245689,510,HTTP Request,200,OK,Users 1-450,text,true,,4757,119,35,35,https://www.blazedemo.com/,500,0,107
1727427245716,483,HTTP Request,200,OK,Users 1-452,text,true,,4757,119,35,35,https://www.blazedemo.com/,475,0,89
1727427245704,495,HTTP Request,200,OK,Users 1-451,text,true,,4757,119,33,33,https://www.blazedemo.com/,490,0,101
1727427245730,492,HTTP Request,200,OK,Users 1-453,text,true,,4757,119,33,33,https://www.blazedemo.com/,485,0,91
1727427245743,505,HTTP Request,200,OK,Users 1-454,text,true,,4757,119,35,35,https://www.blazedemo.com/,500,0,92
1727427245634,632,HTTP Request,200,OK,Users 1-441,text,true,,4757,119,36,36,https://www.blazedemo.com/,631,0,217
1727427245771,519,HTTP Request,200,OK,Users 1-456,text,true,,4757,119,36,36,https://www.blazedemo.com/,515,0,102
1727427245788,503,HTTP Request,200,OK,Users 1-457,text,true,,4757,119,36,36,https://www.blazedemo.com/,497,0,88
1727427245757,538,HTTP Request,200,OK,Users 1-455,text,true,,4757,119,35,35,https://www.blazedemo.com/,531,0,107
1727427245842,486,HTTP Request,200,OK,Users 1-461,text,true,,4757,119,36,36,https://www.blazedemo.com/,480,0,89
1727427245883,469,HTTP Request,200,OK,Users 1-464,text,true,,4757,119,36,36,https://www.blazedemo.com/,459,0,82
1727427245801,566,HTTP Request,200,OK,Users 1-458,text,true,,4757,119,36,36,https://www.blazedemo.com/,558,0,128
1727427245828,546,HTTP Request,200,OK,Users 1-460,text,true,,4757,119,37,37,https://www.blazedemo.com/,539,0,101
1727427245856,547,HTTP Request,200,OK,Users 1-462,text,true,,4757,119,39,39,https://www.blazedemo.com/,537,0,105
1727427245815,552,HTTP Request,200,OK,Users 1-459,text,true,,4757,119,36,36,https://www.blazedemo.com/,539,0,115
1727427245935,483,HTTP Request,200,OK,Users 1-472,text,true,,4757,119,36,36,https://www.blazedemo.com/,477,0,97
1727427245924,511,HTTP Request,200,OK,Users 1-467,text,true,,4757,119,36,36,https://www.blazedemo.com/,503,0,105
1727427245956,481,HTTP Request,200,OK,Users 1-465,text,true,,4757,119,35,35,https://www.blazedemo.com/,475,0,85
1727427245938,521,HTTP Request,200,OK,Users 1-468,text,true,,4757,119,36,36,https://www.blazedemo.com/,517,0,101
1727427245931,541,HTTP Request,200,OK,Users 1-463,text,true,,4757,119,37,37,https://www.blazedemo.com/,532,0,123
1727427246034,507,HTTP Request,200,OK,Users 1-471,text,true,,4757,119,43,43,https://www.blazedemo.com/,501,0,90
1727427246031,518,HTTP Request,200,OK,Users 1-479,text,true,,4757,119,43,43,https://www.blazedemo.com/,513,0,98
1727427245948,616,HTTP Request,200,OK,Users 1-469,text,true,,4757,119,42,42,https://www.blazedemo.com/,615,0,98
1727427246021,544,HTTP Request,200,OK,Users 1-470,text,true,,4757,119,41,41,https://www.blazedemo.com/,544,0,101
1727427246046,520,HTTP Request,200,OK,Users 1-480,text,true,,4757,119,40,40,https://www.blazedemo.com/,520,0,95
1727427246062,513,HTTP Request,200,OK,Users 1-481,text,true,,4757,119,40,40,https://www.blazedemo.com/,504,0,104
1727427246077,509,HTTP Request,200,OK,Users 1-482,text,true,,4757,119,39,39,https://www.blazedemo.com/,502,0,102
1727427246092,515,HTTP Request,200,OK,Users 1-483,text,true,,4757,119,40,40,https://www.blazedemo.com/,502,0,98
1727427246061,546,HTTP Request,200,OK,Users 1-473,text,true,,4757,119,40,40,https://www.blazedemo.com/,527,0,105
1727427246075,532,HTTP Request,200,OK,Users 1-474,text,true,,4757,119,40,40,https://www.blazedemo.com/,518,0,107
1727427246104,513,HTTP Request,200,OK,Users 1-476,text,true,,4757,119,38,38,https://www.blazedemo.com/,503,0,96
1727427246090,531,HTTP Request,200,OK,Users 1-475,text,true,,4757,119,37,37,https://www.blazedemo.com/,519,0,116
1727427245857,796,HTTP Request,200,OK,Users 1-466,text,true,,4757,119,38,38,https://www.blazedemo.com/,776,0,367
1727427246116,543,HTTP Request,200,OK,Users 1-477,text,true,,4757,119,38,38,https://www.blazedemo.com/,538,0,100
1727427246128,545,HTTP Request,200,OK,Users 1-478,text,true,,4757,119,37,37,https://www.blazedemo.com/,529,0,100
1727427246211,487,HTTP Request,200,OK,Users 1-484,text,true,,4757,119,37,37,https://www.blazedemo.com/,475,0,84
1727427246224,509,HTTP Request,200,OK,Users 1-485,text,true,,4757,119,40,40,https://www.blazedemo.com/,498,0,87
1727427246233,509,HTTP Request,200,OK,Users 1-493,text,true,,4757,119,40,40,https://www.blazedemo.com/,497,0,94
1727427246239,508,HTTP Request,200,OK,Users 1-486,text,true,,4761,119,39,39,https://www.blazedemo.com/,503,0,84
1727427246253,501,HTTP Request,200,OK,Users 1-487,text,true,,4757,119,40,40,https://www.blazedemo.com/,491,0,92
1727427246265,538,HTTP Request,200,OK,Users 1-488,text,true,,4757,119,45,45,https://www.blazedemo.com/,526,0,112
1727427246306,499,HTTP Request,200,OK,Users 1-491,text,true,,4757,119,44,44,https://www.blazedemo.com/,492,0,89
1727427246293,517,HTTP Request,200,OK,Users 1-490,text,true,,4757,119,43,43,https://www.blazedemo.com/,506,0,100
1727427246279,531,HTTP Request,200,OK,Users 1-489,text,true,,4757,119,43,43,https://www.blazedemo.com/,525,0,112
1727427246320,490,HTTP Request,200,OK,Users 1-492,text,true,,4757,119,43,43,https://www.blazedemo.com/,478,0,87
1727427246347,523,HTTP Request,200,OK,Users 1-494,text,true,,4757,119,41,41,https://www.blazedemo.com/,512,0,109
1727427246400,517,HTTP Request,200,OK,Users 1-498,text,true,,4757,119,43,43,https://www.blazedemo.com/,508,0,105
1727427246415,566,HTTP Request,200,OK,Users 1-499,text,true,,4757,119,49,49,https://www.blazedemo.com/,558,0,151
1727427246462,521,HTTP Request,200,OK,Users 1-510,text,true,,4757,119,48,48,https://www.blazedemo.com/,506,0,101
1727427246479,516,HTTP Request,200,OK,Users 1-504,text,true,,4757,119,48,48,https://www.blazedemo.com/,504,0,98
1727427246476,533,HTTP Request,200,OK,Users 1-511,text,true,,4757,119,48,48,https://www.blazedemo.com/,521,0,129
1727427246505,519,HTTP Request,200,OK,Users 1-506,text,true,,4757,119,49,49,https://www.blazedemo.com/,508,0,104
1727427246533,506,HTTP Request,200,OK,Users 1-508,text,true,,4757,119,48,48,https://www.blazedemo.com/,500,0,92
1727427246361,701,HTTP Request,200,OK,Users 1-495,text,true,,4757,119,48,48,https://www.blazedemo.com/,622,0,205
1727427246428,634,HTTP Request,200,OK,Users 1-500,text,true,,4757,119,48,48,https://www.blazedemo.com/,634,0,140
1727427246388,674,HTTP Request,200,OK,Users 1-497,text,true,,4757,119,48,48,https://www.blazedemo.com/,674,0,178
1727427246490,575,HTTP Request,200,OK,Users 1-512,text,true,,4757,119,45,45,https://www.blazedemo.com/,575,0,169
1727427246465,607,HTTP Request,200,OK,Users 1-503,text,true,,4757,119,46,46,https://www.blazedemo.com/,601,0,198
1727427246546,530,HTTP Request,200,OK,Users 1-509,text,true,,4757,119,45,45,https://www.blazedemo.com/,526,0,121
1727427246455,630,HTTP Request,200,OK,Users 1-502,text,true,,4757,119,45,45,https://www.blazedemo.com/,617,0,211
1727427246602,488,HTTP Request,200,OK,Users 1-520,text,true,,4757,119,44,44,https://www.blazedemo.com/,485,0,93
1727427246574,520,HTTP Request,200,OK,Users 1-518,text,true,,4757,119,43,43,https://www.blazedemo.com/,515,0,117
1727427246493,602,HTTP Request,200,OK,Users 1-505,text,true,,4757,119,43,43,https://www.blazedemo.com/,594,0,202
1727427246440,658,HTTP Request,200,OK,Users 1-501,text,true,,4757,119,42,42,https://www.blazedemo.com/,650,0,223
1727427246518,580,HTTP Request,200,OK,Users 1-507,text,true,,4757,119,42,42,https://www.blazedemo.com/,571,0,140
1727427246601,525,HTTP Request,200,OK,Users 1-513,text,true,,4757,119,43,43,https://www.blazedemo.com/,514,0,110
1727427246642,494,HTTP Request,200,OK,Users 1-516,text,true,,4757,119,42,42,https://www.blazedemo.com/,487,0,102
1727427246615,532,HTTP Request,200,OK,Users 1-514,text,true,,4757,119,42,42,https://www.blazedemo.com/,521,0,93
1727427246655,494,HTTP Request,200,OK,Users 1-517,text,true,,4757,119,41,41,https://www.blazedemo.com/,486,0,104
1727427246374,796,HTTP Request,200,OK,Users 1-496,text,true,,4757,119,40,40,https://www.blazedemo.com/,791,0,398
1727427246682,499,HTTP Request,200,OK,Users 1-519,text,true,,4757,119,39,39,https://www.blazedemo.com/,491,0,91
1727427246709,491,HTTP Request,200,OK,Users 1-528,text,true,,4757,119,39,39,https://www.blazedemo.com/,485,0,89
1727427246724,507,HTTP Request,200,OK,Users 1-522,text,true,,4757,119,43,43,https://www.blazedemo.com/,493,0,90
1727427246725,507,HTTP Request,200,OK,Users 1-529,text,true,,4757,119,42,42,https://www.blazedemo.com/,499,0,90
1727427246765,477,HTTP Request,200,OK,Users 1-532,text,true,,4757,119,42,42,https://www.blazedemo.com/,473,0,84
1727427246709,541,HTTP Request,200,OK,Users 1-521,text,true,,4757,119,42,42,https://www.blazedemo.com/,530,0,106
1727427246761,494,HTTP Request,200,OK,Users 1-525,text,true,,4757,119,41,41,https://www.blazedemo.com/,485,0,97
1727427246748,507,HTTP Request,200,OK,Users 1-524,text,true,,4757,119,41,41,https://www.blazedemo.com/,498,0,97
1727427246775,491,HTTP Request,200,OK,Users 1-526,text,true,,4757,119,40,40,https://www.blazedemo.com/,477,0,90
1727427246780,498,HTTP Request,200,OK,Users 1-533,text,true,,4757,119,39,39,https://www.blazedemo.com/,491,0,93
1727427246752,542,HTTP Request,200,OK,Users 1-531,text,true,,4757,119,38,38,https://www.blazedemo.com/,519,0,105
1727427246789,524,HTTP Request,200,OK,Users 1-527,text,true,,4757,119,37,37,https://www.blazedemo.com/,516,0,117
1727427246829,485,HTTP Request,200,OK,Users 1-530,text,true,,4757,119,36,36,https://www.blazedemo.com/,477,0,92
1727427246795,546,HTTP Request,200,OK,Users 1-534,text,true,,4757,119,38,38,https://www.blazedemo.com/,539,0,112
1727427246629,759,HTTP Request,200,OK,Users 1-515,text,true,,4757,119,40,40,https://www.blazedemo.com/,759,0,84
1727427246925,497,HTTP Request,200,OK,Users 1-537,text,true,,4757,119,42,42,https://www.blazedemo.com/,487,0,93
1727427246916,518,HTTP Request,200,OK,Users 1-543,text,true,,4757,119,41,41,https://www.blazedemo.com/,505,0,102
1727427246943,500,HTTP Request,200,OK,Users 1-545,text,true,,4757,119,41,41,https://www.blazedemo.com/,491,0,98
1727427246911,557,HTTP Request,200,OK,Users 1-536,text,true,,4757,119,42,42,https://www.blazedemo.com/,549,0,154
1727427246939,533,HTTP Request,200,OK,Users 1-538,text,true,,4757,119,41,41,https://www.blazedemo.com/,519,0,102
1727427246977,497,HTTP Request,200,OK,Users 1-541,text,true,,4757,119,40,40,https://www.blazedemo.com/,485,0,97
1727427246957,528,HTTP Request,200,OK,Users 1-546,text,true,,4757,119,40,40,https://www.blazedemo.com/,520,0,109
1727427246897,591,HTTP Request,200,OK,Users 1-535,text,true,,4757,119,39,39,https://www.blazedemo.com/,583,0,167
1727427246991,502,HTTP Request,200,OK,Users 1-542,text,true,,4757,119,39,39,https://www.blazedemo.com/,491,0,88
1727427246964,529,HTTP Request,200,OK,Users 1-540,text,true,,4757,119,39,39,https://www.blazedemo.com/,516,0,104
1727427246737,761,HTTP Request,200,OK,Users 1-523,text,true,,4757,119,37,37,https://www.blazedemo.com/,751,0,331
1727427246953,569,HTTP Request,200,OK,Users 1-539,text,true,,4757,119,38,38,https://www.blazedemo.com/,558,0,97
1727427247012,515,HTTP Request,200,OK,Users 1-550,text,true,,4757,119,37,37,https://www.blazedemo.com/,509,0,101
1727427247057,495,HTTP Request,200,OK,Users 1-547,text,true,,4757,119,39,39,https://www.blazedemo.com/,485,0,99
1727427247015,544,HTTP Request,200,OK,Users 1-544,text,true,,4757,119,39,39,https://www.blazedemo.com/,533,0,141
1727427246999,562,HTTP Request,200,OK,Users 1-549,text,true,,4757,119,38,38,https://www.blazedemo.com/,557,0,151
1727427247069,497,HTTP Request,200,OK,Users 1-554,text,true,,4757,119,37,37,https://www.blazedemo.com/,492,0,106
1727427247081,517,HTTP Request,200,OK,Users 1-555,text,true,,4757,119,39,39,https://www.blazedemo.com/,507,0,108
1727427247124,484,HTTP Request,200,OK,Users 1-552,text,true,,4757,119,39,39,https://www.blazedemo.com/,476,0,84
1727427247096,514,HTTP Request,200,OK,Users 1-556,text,true,,4757,119,38,38,https://www.blazedemo.com/,505,0,101
1727427247070,553,HTTP Request,200,OK,Users 1-548,text,true,,4757,119,38,38,https://www.blazedemo.com/,538,0,123
1727427247110,515,HTTP Request,200,OK,Users 1-557,text,true,,4757,119,37,37,https://www.blazedemo.com/,503,0,99
1727427247138,489,HTTP Request,200,OK,Users 1-553,text,true,,4757,119,36,36,https://www.blazedemo.com/,477,0,84
1727427247111,521,HTTP Request,200,OK,Users 1-551,text,true,,4757,119,36,36,https://www.blazedemo.com/,516,0,103
1727427247192,503,HTTP Request,200,OK,Users 1-563,text,true,,4757,119,40,40,https://www.blazedemo.com/,494,0,97
1727427247206,490,HTTP Request,200,OK,Users 1-564,text,true,,4757,119,40,40,https://www.blazedemo.com/,479,0,82
1727427247205,500,HTTP Request,200,OK,Users 1-558,text,true,,4757,119,39,39,https://www.blazedemo.com/,487,0,88
1727427247219,498,HTTP Request,200,OK,Users 1-559,text,true,,4757,119,38,38,https://www.blazedemo.com/,491,0,98
1727427247230,506,HTTP Request,200,OK,Users 1-560,text,true,,4757,119,37,37,https://www.blazedemo.com/,497,0,97
1727427247233,518,HTTP Request,200,OK,Users 1-566,text,true,,4757,119,36,36,https://www.blazedemo.com/,507,0,90
1727427247219,548,HTTP Request,200,OK,Users 1-565,text,true,,4757,119,35,35,https://www.blazedemo.com/,540,0,103
1727427247257,523,HTTP Request,200,OK,Users 1-562,text,true,,4757,119,36,36,https://www.blazedemo.com/,518,0,102
1727427247243,549,HTTP Request,200,OK,Users 1-561,text,true,,4757,119,36,36,https://www.blazedemo.com/,539,0,100
1727427247325,497,HTTP Request,200,OK,Users 1-567,text,true,,4761,119,37,37,https://www.blazedemo.com/,490,0,102
1727427247346,499,HTTP Request,200,OK,Users 1-569,text,true,,4757,119,37,37,https://www.blazedemo.com/,488,0,88
1727427247328,525,HTTP Request,200,OK,Users 1-568,text,true,,4757,119,37,37,https://www.blazedemo.com/,515,0,97
1727427247315,546,HTTP Request,200,OK,Users 1-572,text,true,,4757,119,37,37,https://www.blazedemo.com/,535,0,105
1727427247410,500,HTTP Request,200,OK,Users 1-574,text,true,,4757,119,39,39,https://www.blazedemo.com/,495,0,94
1727427247358,527,HTTP Request,200,OK,Users 1-570,text,true,,4757,119,37,37,https://www.blazedemo.com/,513,0,116
1727427247397,534,HTTP Request,200,OK,Users 1-573,text,true,,4757,119,38,38,https://www.blazedemo.com/,524,0,102
1727427247369,564,HTTP Request,200,OK,Users 1-571,text,true,,4757,119,37,37,https://www.blazedemo.com/,547,0,105
1727427247450,490,HTTP Request,200,OK,Users 1-577,text,true,,4757,119,37,37,https://www.blazedemo.com/,479,0,87
1727427247423,552,HTTP Request,200,OK,Users 1-575,text,true,,4757,119,38,38,https://www.blazedemo.com/,549,0,92
1727427247463,512,HTTP Request,200,OK,Users 1-578,text,true,,4757,119,38,38,https://www.blazedemo.com/,500,0,95
1727427247476,506,HTTP Request,200,OK,Users 1-579,text,true,,4757,119,37,37,https://www.blazedemo.com/,501,0,107
1727427247437,551,HTTP Request,200,OK,Users 1-576,text,true,,4757,119,36,36,https://www.blazedemo.com/,541,0,83
1727427247517,492,HTTP Request,200,OK,Users 1-582,text,true,,4757,119,37,37,https://www.blazedemo.com/,476,0,85
1727427247504,505,HTTP Request,200,OK,Users 1-581,text,true,,4757,119,37,37,https://www.blazedemo.com/,502,0,102
1727427247491,547,HTTP Request,200,OK,Users 1-580,text,true,,4757,119,37,37,https://www.blazedemo.com/,524,0,114
1727427247541,497,HTTP Request,200,OK,Users 1-584,text,true,,4757,119,37,37,https://www.blazedemo.com/,483,0,91
1727427247532,510,HTTP Request,200,OK,Users 1-583,text,true,,4757,119,35,35,https://www.blazedemo.com/,506,0,92
1727427247545,528,HTTP Request,200,OK,Users 1-585,text,true,,4757,119,37,37,https://www.blazedemo.com/,524,0,103
1727427247582,497,HTTP Request,200,OK,Users 1-588,text,true,,4757,119,36,36,https://www.blazedemo.com/,496,0,87
1727427247571,508,HTTP Request,200,OK,Users 1-587,text,true,,4757,119,36,36,https://www.blazedemo.com/,504,0,88
1727427247592,492,HTTP Request,200,OK,Users 1-589,text,true,,4757,119,34,34,https://www.blazedemo.com/,486,0,92
1727427247557,533,HTTP Request,200,OK,Users 1-586,text,true,,4757,119,34,34,https://www.blazedemo.com/,521,0,97
1727427247657,481,HTTP Request,200,OK,Users 1-594,text,true,,4757,119,36,36,https://www.blazedemo.com/,469,0,87
1727427247621,520,HTTP Request,200,OK,Users 1-591,text,true,,4757,119,35,35,https://www.blazedemo.com/,516,0,92
1727427247661,484,HTTP Request,200,OK,Users 1-595,text,true,,4757,119,36,36,https://www.blazedemo.com/,472,0,87
1727427247606,565,HTTP Request,200,OK,Users 1-590,text,true,,4757,119,36,36,https://www.blazedemo.com/,538,0,110
1727427247646,526,HTTP Request,200,OK,Users 1-593,text,true,,4757,119,35,35,https://www.blazedemo.com/,526,0,100
1727427247671,501,HTTP Request,200,OK,Users 1-596,text,true,,4757,119,35,35,https://www.blazedemo.com/,497,0,94
1727427247630,543,HTTP Request,200,OK,Users 1-592,text,true,,4757,119,35,35,https://www.blazedemo.com/,523,0,89
1727427247687,502,HTTP Request,200,OK,Users 1-597,text,true,,4757,119,34,34,https://www.blazedemo.com/,491,0,95
1727427247699,513,HTTP Request,200,OK,Users 1-598,text,true,,4757,119,34,34,https://www.blazedemo.com/,506,0,95
1727427247778,523,HTTP Request,200,OK,Users 1-599,text,true,,4757,119,40,40,https://www.blazedemo.com/,502,0,108
1727427247776,532,HTTP Request,200,OK,Users 1-600,text,true,,4757,119,39,39,https://www.blazedemo.com/,519,0,96
1727427247859,496,HTTP Request,200,OK,Users 1-606,text,true,,4757,119,41,41,https://www.blazedemo.com/,494,0,83
1727427247873,539,HTTP Request,200,OK,Users 1-607,text,true,,4757,119,45,45,https://www.blazedemo.com/,520,0,116
1727427247818,575,HTTP Request,200,OK,Users 1-603,text,true,,4757,119,43,43,https://www.blazedemo.com/,569,0,92
1727427247895,518,HTTP Request,200,OK,Users 1-608,text,true,,4757,119,45,45,https://www.blazedemo.com/,518,0,104
1727427247804,589,HTTP Request,200,OK,Users 1-602,text,true,,4757,119,43,43,https://www.blazedemo.com/,579,0,88
1727427247832,539,HTTP Request,200,OK,Users 1-604,text,true,,4757,119,42,42,https://www.blazedemo.com/,525,0,103
1727427247790,642,HTTP Request,200,OK,Users 1-601,text,true,,4757,119,41,41,https://www.blazedemo.com/,628,0,109
1727427247922,514,HTTP Request,200,OK,Users 1-610,text,true,,4761,119,40,40,https://www.blazedemo.com/,503,0,97
1727427247908,546,HTTP Request,200,OK,Users 1-609,text,true,,4757,119,41,41,https://www.blazedemo.com/,532,0,117
1727427247966,517,HTTP Request,200,OK,Users 1-613,text,true,,4757,119,42,42,https://www.blazedemo.com/,513,0,110
1727427247845,641,HTTP Request,200,OK,Users 1-605,text,true,,4757,119,41,41,https://www.blazedemo.com/,641,0,189
1727427248004,498,HTTP Request,200,OK,Users 1-616,text,true,,4757,119,41,41,https://www.blazedemo.com/,498,0,91
1727427247991,520,HTTP Request,200,OK,Users 1-615,text,true,,4757,119,41,41,https://www.blazedemo.com/,509,0,102
1727427247977,544,HTTP Request,200,OK,Users 1-614,text,true,,4757,119,40,40,https://www.blazedemo.com/,530,0,116
1727427248033,501,HTTP Request,200,OK,Users 1-618,text,true,,4757,119,40,40,https://www.blazedemo.com/,494,0,108
1727427248020,519,HTTP Request,200,OK,Users 1-617,text,true,,4757,119,39,39,https://www.blazedemo.com/,502,0,109
1727427247936,610,HTTP Request,200,OK,Users 1-611,text,true,,4757,119,39,39,https://www.blazedemo.com/,595,0,135
1727427247950,600,HTTP Request,200,OK,Users 1-612,text,true,,4757,119,38,38,https://www.blazedemo.com/,581,0,126
1727427248045,532,HTTP Request,200,OK,Users 1-619,text,true,,4757,119,39,39,https://www.blazedemo.com/,522,0,128
1727427248095,503,HTTP Request,200,OK,Users 1-622,text,true,,4757,119,40,40,https://www.blazedemo.com/,491,0,101
1727427248100,499,HTTP Request,200,OK,Users 1-623,text,true,,4757,119,40,40,https://www.blazedemo.com/,489,0,93
1727427248113,487,HTTP Request,200,OK,Users 1-624,text,true,,4761,119,38,38,https://www.blazedemo.com/,478,0,88
1727427248060,549,HTTP Request,200,OK,Users 1-620,text,true,,4757,119,37,37,https://www.blazedemo.com/,543,0,117
1727427248064,562,HTTP Request,200,OK,Users 1-621,text,true,,4757,119,38,38,https://www.blazedemo.com/,543,0,132
1727427248145,516,HTTP Request,200,OK,Users 1-627,text,true,,4757,119,39,39,https://www.blazedemo.com/,507,0,115
1727427248127,554,HTTP Request,200,OK,Users 1-625,text,true,,4757,119,40,40,https://www.blazedemo.com/,545,0,95
1727427248143,548,HTTP Request,200,OK,Users 1-626,text,true,,4757,119,39,39,https://www.blazedemo.com/,537,0,117
1727427248182,517,HTTP Request,200,OK,Users 1-629,text,true,,4757,119,39,39,https://www.blazedemo.com/,505,0,98
1727427248188,520,HTTP Request,200,OK,Users 1-630,text,true,,4757,119,39,39,https://www.blazedemo.com/,510,0,106
1727427248210,522,HTTP Request,200,OK,Users 1-631,text,true,,4757,119,39,39,https://www.blazedemo.com/,513,0,107
1727427248157,592,HTTP Request,200,OK,Users 1-628,text,true,,4757,119,40,40,https://www.blazedemo.com/,579,0,147
1727427248224,532,HTTP Request,200,OK,Users 1-632,text,true,,4757,119,39,39,https://www.blazedemo.com/,524,0,131
1727427248281,505,HTTP Request,200,OK,Users 1-636,text,true,,4757,119,40,40,https://www.blazedemo.com/,501,0,107
1727427248238,555,HTTP Request,200,OK,Users 1-633,text,true,,4757,119,40,40,https://www.blazedemo.com/,545,0,116
1727427248300,524,HTTP Request,200,OK,Users 1-638,text,true,,4757,119,41,41,https://www.blazedemo.com/,518,0,98
1727427248313,512,HTTP Request,200,OK,Users 1-639,text,true,,4757,119,40,40,https://www.blazedemo.com/,497,0,102
1727427248266,569,HTTP Request,200,OK,Users 1-635,text,true,,4757,119,40,40,https://www.blazedemo.com/,551,0,119
1727427248298,541,HTTP Request,200,OK,Users 1-637,text,true,,4757,119,39,39,https://www.blazedemo.com/,534,0,116
1727427248261,580,HTTP Request,200,OK,Users 1-634,text,true,,4757,119,38,38,https://www.blazedemo.com/,571,0,112
1727427248369,522,HTTP Request,200,OK,Users 1-643,text,true,,4757,119,41,41,https://www.blazedemo.com/,517,0,119
1727427248338,564,HTTP Request,200,OK,Users 1-640,text,true,,4757,119,42,42,https://www.blazedemo.com/,552,0,149
1727427248381,512,HTTP Request,200,OK,Users 1-644,text,true,,4757,119,41,41,https://www.blazedemo.com/,502,0,107
1727427248395,491,HTTP Request,200,OK,Users 1-645,text,true,,4757,119,41,41,https://www.blazedemo.com/,484,0,109
1727427248363,511,HTTP Request,200,OK,Users 1-642,text,true,,4757,119,40,40,https://www.blazedemo.com/,504,0,111
1727427248348,519,HTTP Request,200,OK,Users 1-641,text,true,,4757,119,39,39,https://www.blazedemo.com/,506,0,97
1727427248409,519,HTTP Request,200,OK,Users 1-646,text,true,,4757,119,38,38,https://www.blazedemo.com/,508,0,108
1727427248452,503,HTTP Request,200,OK,Users 1-649,text,true,,4757,119,38,38,https://www.blazedemo.com/,492,0,95
1727427248466,489,HTTP Request,200,OK,Users 1-650,text,true,,4757,119,38,38,https://www.blazedemo.com/,474,0,91
1727427248424,535,HTTP Request,200,OK,Users 1-647,text,true,,4757,119,38,38,https://www.blazedemo.com/,532,0,128
1727427248437,522,HTTP Request,200,OK,Users 1-648,text,true,,4757,119,38,38,https://www.blazedemo.com/,518,0,110
1727427248508,507,HTTP Request,200,OK,Users 1-653,text,true,,4757,119,38,38,https://www.blazedemo.com/,498,0,98
1727427248495,520,HTTP Request,200,OK,Users 1-652,text,true,,4757,119,38,38,https://www.blazedemo.com/,511,0,93
1727427248543,489,HTTP Request,200,OK,Users 1-655,text,true,,4757,119,38,38,https://www.blazedemo.com/,476,0,94
1727427248557,502,HTTP Request,200,OK,Users 1-656,text,true,,4757,119,38,38,https://www.blazedemo.com/,484,0,97
1727427248564,510,HTTP Request,200,OK,Users 1-657,text,true,,4757,119,39,39,https://www.blazedemo.com/,500,0,92
1727427248528,554,HTTP Request,200,OK,Users 1-654,text,true,,4757,119,38,38,https://www.blazedemo.com/,546,0,107
1727427248597,490,HTTP Request,200,OK,Users 1-659,text,true,,4757,119,38,38,https://www.blazedemo.com/,481,0,90
1727427248611,484,HTTP Request,200,OK,Users 1-660,text,true,,4757,119,37,37,https://www.blazedemo.com/,473,0,93
1727427248584,536,HTTP Request,200,OK,Users 1-658,text,true,,4757,119,38,38,https://www.blazedemo.com/,516,0,90
1727427248625,526,HTTP Request,200,OK,Users 1-661,text,true,,4757,119,39,39,https://www.blazedemo.com/,516,0,108
1727427248651,515,HTTP Request,200,OK,Users 1-663,text,true,,4757,119,39,39,https://www.blazedemo.com/,502,0,102
1727427248679,495,HTTP Request,200,OK,Users 1-665,text,true,,4757,119,38,38,https://www.blazedemo.com/,486,0,90
1727427248666,515,HTTP Request,200,OK,Users 1-664,text,true,,4757,119,37,37,https://www.blazedemo.com/,503,0,104
1727427248639,554,HTTP Request,200,OK,Users 1-662,text,true,,4757,119,37,37,https://www.blazedemo.com/,544,0,112
1727427248694,503,HTTP Request,200,OK,Users 1-666,text,true,,4757,119,36,36,https://www.blazedemo.com/,493,0,101
1727427248720,495,HTTP Request,200,OK,Users 1-668,text,true,,4757,119,35,35,https://www.blazedemo.com/,489,0,94
1727427248708,514,HTTP Request,200,OK,Users 1-667,text,true,,4757,119,34,34,https://www.blazedemo.com/,507,0,100
1727427248734,505,HTTP Request,200,OK,Users 1-669,text,true,,4757,119,33,33,https://www.blazedemo.com/,495,0,87
1727427248747,507,HTTP Request,200,OK,Users 1-670,text,true,,4757,119,32,32,https://www.blazedemo.com/,500,0,99
1727427248774,486,HTTP Request,200,OK,Users 1-672,text,true,,4757,119,31,31,https://www.blazedemo.com/,475,0,85
1727427248788,479,HTTP Request,200,OK,Users 1-673,text,true,,4757,119,30,30,https://www.blazedemo.com/,473,0,85
1727427248761,540,HTTP Request,200,OK,Users 1-671,text,true,,4757,119,29,29,https://www.blazedemo.com/,532,0,108
1727427248844,461,HTTP Request,200,OK,Users 1-677,text,true,,4757,119,28,28,https://www.blazedemo.com/,456,0,84
1727427248803,512,HTTP Request,200,OK,Users 1-674,text,true,,4757,119,27,27,https://www.blazedemo.com/,501,0,99
1727427248816,513,HTTP Request,200,OK,Users 1-675,text,true,,4757,119,26,26,https://www.blazedemo.com/,502,0,105
1727427248480,854,HTTP Request,200,OK,Users 1-651,text,true,,4757,119,25,25,https://www.blazedemo.com/,844,0,434
1727427248832,508,HTTP Request,200,OK,Users 1-676,text,true,,4757,119,24,24,https://www.blazedemo.com/,499,0,101
1727427248857,499,HTTP Request,200,OK,Users 1-678,text,true,,4757,119,23,23,https://www.blazedemo.com/,492,0,100
1727427248872,532,HTTP Request,200,OK,Users 1-679,text,true,,4757,119,22,22,https://www.blazedemo.com/,491,0,89
1727427248903,475,HTTP Request,200,OK,Users 1-682,text,true,,4757,119,22,22,https://www.blazedemo.com/,462,0,86
1727427248901,506,HTTP Request,200,OK,Users 1-681,text,true,,4757,119,20,20,https://www.blazedemo.com/,506,0,86
1727427248886,522,HTTP Request,200,OK,Users 1-680,text,true,,4757,119,20,20,https://www.blazedemo.com/,522,0,99
1727427248943,487,HTTP Request,200,OK,Users 1-684,text,true,,4757,119,18,18,https://www.blazedemo.com/,482,0,96
1727427248928,509,HTTP Request,200,OK,Users 1-683,text,true,,4757,119,17,17,https://www.blazedemo.com/,500,0,98
1727427248958,502,HTTP Request,200,OK,Users 1-686,text,true,,4757,119,16,16,https://www.blazedemo.com/,491,0,89
1727427248957,518,HTTP Request,200,OK,Users 1-685,text,true,,4757,119,15,15,https://www.blazedemo.com/,509,0,108
1727427249003,500,HTTP Request,200,OK,Users 1-688,text,true,,4757,119,14,14,https://www.blazedemo.com/,489,0,93
1727427248989,521,HTTP Request,200,OK,Users 1-687,text,true,,4757,119,13,13,https://www.blazedemo.com/,515,0,91
1727427249031,480,HTTP Request,200,OK,Users 1-690,text,true,,4757,119,12,12,https://www.blazedemo.com/,475,0,90
1727427249017,504,HTTP Request,200,OK,Users 1-689,text,true,,4757,119,11,11,https://www.blazedemo.com/,496,0,97
1727427249088,482,HTTP Request,200,OK,Users 1-694,text,true,,4757,119,10,10,https://www.blazedemo.com/,476,0,90
1727427249046,524,HTTP Request,200,OK,Users 1-691,text,true,,4757,119,10,10,https://www.blazedemo.com/,514,0,106
1727427249061,533,HTTP Request,200,OK,Users 1-692,text,true,,4757,119,8,8,https://www.blazedemo.com/,524,0,103
1727427249076,523,HTTP Request,200,OK,Users 1-693,text,true,,4757,119,7,7,https://www.blazedemo.com/,516,0,87
1727427249101,506,HTTP Request,200,OK,Users 1-695,text,true,,4757,119,6,6,https://www.blazedemo.com/,497,0,100
1727427249116,517,HTTP Request,200,OK,Users 1-696,text,true,,4757,119,5,5,https://www.blazedemo.com/,506,0,106
1727427249131,504,HTTP Request,200,OK,Users 1-697,text,true,,4757,119,4,4,https://www.blazedemo.com/,491,0,93
1727427249160,477,HTTP Request,200,OK,Users 1-699,text,true,,4757,119,3,3,https://www.blazedemo.com/,469,0,86
1727427249143,520,HTTP Request,200,OK,Users 1-698,text,true,,4757,119,2,2,https://www.blazedemo.com/,510,0,91
1727427249182,503,HTTP Request,200,OK,Users 1-700,text,true,,4757,119,1,1,https://www.blazedemo.com/,496,0,96
1727779531926,1343,enter the store,200,,Users 1-1,text,true,,5664,571,1,1,https://petstore.octoperf.com/actions/Catalog.action,1342,0,1150
1727779531715,1343,Enetr the store,200,"Number of samples in transaction : 1, number of failing samples : 0",Users 1-1,,true,,5664,571,1,1,null,1342,230,1150
1727779552793,177,Click on fish-11,200,,Users 1-1,text,true,,3928,720,1,1,https://petstore.octoperf.com/actions/Catalog.action;jsessionid=CDA2489E6FC07E9300CF56800FDA9949?viewCategory=&categoryId=FISH,177,0,0
1727779533296,177,Click on fish,200,"Number of samples in transaction : 1, number of failing samples : 0",Users 1-1,,true,,3928,720,1,1,null,177,19505,0
1727779568945,188,Select first product-12,200,,Users 1-1,text,true,,4093,752,1,1,https://petstore.octoperf.com/actions/Catalog.action?viewProduct=&productId=FI-FW-01,188,0,0
1727779552978,188,Select first product,200,"Number of samples in transaction : 1, number of failing samples : 0",Users 1-1,,true,,4093,752,1,1,null,188,15969,0
1727779581202,179,Add to cart-13,200,,Users 1-1,text,true,,4664,710,1,1,https://petstore.octoperf.com/actions/Cart.action?addItemToCart=&workingItemId=EST-1,179,0,0
1727779569135,179,Add to cart,200,"Number of samples in transaction : 1, number of failing samples : 0",Users 1-1,,true,,4664,710,1,1,null,179,12067,0
1727779597501,469,Proceed to checkout-14,200,,Users 1-1,text,true,,4220,690,1,1,https://petstore.octoperf.com/actions/Order.action?newOrderForm=,468,0,315
1727779581382,469,Proceed to checkout,200,"Number of samples in transaction : 1, number of failing samples : 0",Users 1-1,,true,,4220,690,1,1,null,468,16121,315
